2026-02-04 11:17:30.657 - === App Starting ===
2026-02-04 11:17:30.670 - Creating database...
2026-02-04 11:17:31.318 - Database created
2026-02-04 11:17:31.322 - Services built
2026-02-04 11:17:31.322 - Showing login...
2026-02-04 11:17:31.323 - Creating LoginViewModel...
2026-02-04 11:18:37.488 - === App Starting ===
2026-02-04 11:18:37.496 - Creating database...
2026-02-04 11:18:38.234 - Database created
2026-02-04 11:18:38.240 - Services built
2026-02-04 11:18:38.241 - Showing login...
2026-02-04 11:18:38.242 - Creating LoginViewModel...
2026-02-04 11:18:38.249 - IdentityOptions factory started
2026-02-04 11:18:38.251 - Loading tokens...
2026-02-04 11:18:38.290 - Tokens loaded
2026-02-04 11:18:38.292 - Creating LoginView...
2026-02-04 11:18:38.456 - Showing LoginView dialog...
2026-02-04 11:18:50.016 - Login result: True
2026-02-04 11:18:53.421 - Creating LoginViewModel...
2026-02-04 11:18:53.423 - Creating LoginView...
2026-02-04 11:18:53.442 - Showing LoginView dialog...
2026-02-04 11:19:11.926 - Login result: False
2026-02-04 11:19:23.590 - === App Starting ===
2026-02-04 11:19:23.603 - Creating database...
2026-02-04 11:19:24.376 - Database created
2026-02-04 11:19:24.381 - Services built
2026-02-04 11:19:24.382 - TEST: Showing test window
2026-02-04 11:19:24.629 - TEST: Window shown
2026-02-04 11:20:11.250 - === App Starting ===
2026-02-04 11:20:11.259 - Creating database...
2026-02-04 11:20:11.915 - Database created
2026-02-04 11:20:11.921 - Services built
2026-02-04 11:20:11.922 - Showing login...
2026-02-04 11:20:11.923 - Creating LoginViewModel...
2026-02-04 11:20:11.930 - IdentityOptions factory started
2026-02-04 11:20:11.932 - Loading tokens...
2026-02-04 11:20:11.963 - Tokens loaded
2026-02-04 11:20:11.966 - Creating LoginView...
2026-02-04 11:20:12.112 - Showing LoginView dialog...
2026-02-04 11:20:27.165 - Login result: True
2026-02-04 11:20:27.166 - Creating MainViewModel...
2026-02-04 11:20:27.184 - Creating MainWindow...
2026-02-04 11:20:27.193 - Showing MainWindow...
2026-02-04 11:20:27.299 - MainWindow shown
2026-02-04 11:22:19.437 - === App Starting ===
2026-02-04 11:22:19.446 - Creating database...
2026-02-04 11:22:20.128 - Database created
2026-02-04 11:22:20.132 - Services built
2026-02-04 11:22:20.133 - Showing login...
2026-02-04 11:22:20.134 - Creating LoginViewModel...
2026-02-04 11:22:20.141 - IdentityOptions factory started
2026-02-04 11:22:20.142 - Loading tokens...
2026-02-04 11:22:20.172 - Tokens loaded
2026-02-04 11:22:20.174 - Creating LoginView...
2026-02-04 11:22:20.316 - Showing LoginView dialog...
2026-02-04 11:31:05.302 - === App Starting ===
2026-02-04 11:31:05.310 - Creating database...
2026-02-04 11:31:05.927 - Database created
2026-02-04 11:31:05.929 - Loading configuration...
2026-02-04 11:31:05.958 - Configuration loaded
2026-02-04 11:31:05.967 - Services built
2026-02-04 11:31:05.972 - Showing login...
2026-02-04 11:31:05.973 - Creating LoginViewModel...
2026-02-04 11:31:06.015 - Creating LoginView...
2026-02-04 11:31:06.171 - Showing LoginView dialog...
2026-02-04 11:31:15.532 - Login result: True
2026-02-04 11:31:15.533 - Creating MainViewModel...
2026-02-04 11:31:15.547 - Creating MainWindow...
2026-02-04 11:31:15.554 - Showing MainWindow...
2026-02-04 11:31:15.680 - MainWindow shown
2026-02-04 11:32:57.733 - === App Starting ===
2026-02-04 11:32:57.741 - Creating database...
2026-02-04 11:32:58.828 - Database created
2026-02-04 11:32:58.828 - Loading configuration...
2026-02-04 11:32:58.876 - Configuration loaded
2026-02-04 11:32:58.889 - Services built
2026-02-04 11:32:58.891 - Showing login...
2026-02-04 11:32:58.892 - Creating LoginViewModel...
2026-02-04 11:32:58.977 - Creating LoginView...
2026-02-04 11:32:59.288 - Showing LoginView dialog...
2026-02-04 11:33:07.881 - Login result: True
2026-02-04 11:33:07.881 - Creating MainViewModel...
2026-02-04 11:33:07.909 - Creating MainWindow...
2026-02-04 11:33:07.915 - Showing MainWindow...
2026-02-04 11:33:07.985 - MainWindow shown
2026-02-04 13:03:53.194 - === App Starting ===
2026-02-04 13:03:53.229 - Configuration loaded
2026-02-04 13:03:53.880 - Services built
2026-02-04 13:03:53.881 - Showing login...
2026-02-04 13:03:53.916 - Creating LoginViewModel...
2026-02-04 13:03:54.050 - Showing LoginView dialog...
2026-02-04 13:05:43.528 - Login result: True
2026-02-04 13:05:43.539 - Creating main window...
2026-02-04 13:05:43.547 - Showing main window...
2026-02-04 13:05:43.653 - Main window shown
2026-02-04 13:19:43.916 - Login result: True
2026-02-04 13:24:00.946 - Login result: True
2026-02-04 13:27:39.946 - Login result: True
2026-02-04 13:27:41.480 - Dispatcher Exception: A 'Binding' cannot be set on the 'Value' property of type 'DataTrigger'. A 'Binding' can only be set on a DependencyProperty of a DependencyObject.
   at System.Windows.Markup.XamlReader.RewrapException(Exception e, IXamlLineInfo lineInfo, Uri baseUri)
   at System.Windows.Markup.XamlReader.RewrapException(Exception e, Uri baseUri)
   at System.Windows.FrameworkTemplate.LoadTemplateXaml(XamlReader templateReader, XamlObjectWriter currentWriter)
   at System.Windows.FrameworkTemplate.LoadOptimizedTemplateContent(DependencyObject container, IComponentConnector componentConnector, IStyleConnector styleConnector, List`1 affectedChildren, UncommonField`1 templatedNonFeChildrenField)
   at System.Windows.FrameworkTemplate.LoadContent(DependencyObject container, List`1 affectedChildren)
   at System.Windows.StyleHelper.ApplyTemplateContent(UncommonField`1 dataField, DependencyObject container, FrameworkElementFactory templateRoot, Int32 lastChildIndex, HybridDictionary childIndexFromChildID, FrameworkTemplate frameworkTemplate)
   at System.Windows.FrameworkTemplate.ApplyTemplateContent(UncommonField`1 templateDataField, FrameworkElement container)
   at System.Windows.FrameworkElement.ApplyTemplate()
   at System.Windows.FrameworkElement.MeasureCore(Size availableSize)
   at System.Windows.UIElement.Measure(Size availableSize)
   at System.Windows.ContextLayoutManager.UpdateLayout()
   at System.Windows.ContextLayoutManager.UpdateLayoutCallback(Object arg)
   at System.Windows.Media.MediaContext.FireInvokeOnRenderCallbacks()
   at System.Windows.Media.MediaContext.RenderMessageHandlerCore(Object resizedCompositionTarget)
   at System.Windows.Media.MediaContext.RenderMessageHandler(Object resizedCompositionTarget)
   at System.Windows.Threading.ExceptionWrapper.InternalRealCall(Delegate callback, Object args, Int32 numArgs)
   at System.Windows.Threading.ExceptionWrapper.TryCatchWhen(Object source, Delegate callback, Object args, Int32 numArgs, Delegate catchHandler)
2026-02-04 13:27:41.513 - Dispatcher Exception: A 'Binding' cannot be set on the 'Value' property of type 'DataTrigger'. A 'Binding' can only be set on a DependencyProperty of a DependencyObject.
   at System.Windows.Markup.XamlReader.RewrapException(Exception e, IXamlLineInfo lineInfo, Uri baseUri)
   at System.Windows.Markup.XamlReader.RewrapException(Exception e, Uri baseUri)
   at System.Windows.FrameworkTemplate.LoadTemplateXaml(XamlReader templateReader, XamlObjectWriter currentWriter)
   at System.Windows.FrameworkTemplate.LoadOptimizedTemplateContent(DependencyObject container, IComponentConnector componentConnector, IStyleConnector styleConnector, List`1 affectedChildren, UncommonField`1 templatedNonFeChildrenField)
   at System.Windows.FrameworkTemplate.LoadContent(DependencyObject container, List`1 affectedChildren)
   at System.Windows.StyleHelper.ApplyTemplateContent(UncommonField`1 dataField, DependencyObject container, FrameworkElementFactory templateRoot, Int32 lastChildIndex, HybridDictionary childIndexFromChildID, FrameworkTemplate frameworkTemplate)
   at System.Windows.FrameworkTemplate.ApplyTemplateContent(UncommonField`1 templateDataField, FrameworkElement container)
   at System.Windows.FrameworkElement.ApplyTemplate()
   at System.Windows.FrameworkElement.MeasureCore(Size availableSize)
   at System.Windows.UIElement.Measure(Size availableSize)
   at System.Windows.Controls.Control.MeasureOverride(Size constraint)
   at System.Windows.FrameworkElement.MeasureCore(Size availableSize)
   at System.Windows.UIElement.Measure(Size availableSize)
   at System.Windows.Controls.Grid.MeasureCell(Int32 cell, Boolean forceInfinityV)
   at System.Windows.Controls.Grid.MeasureCellsGroup(Int32 cellsHead, Size referenceSize, Boolean ignoreDesiredSizeU, Boolean forceInfinityV, Boolean& hasDesiredSizeUChanged)
   at System.Windows.Controls.Grid.MeasureOverride(Size constraint)
   at System.Windows.FrameworkElement.MeasureCore(Size availableSize)
   at System.Windows.UIElement.Measure(Size availableSize)
   at System.Windows.Controls.Grid.MeasureCell(Int32 cell, Boolean forceInfinityV)
   at System.Windows.Controls.Grid.MeasureCellsGroup(Int32 cellsHead, Size referenceSize, Boolean ignoreDesiredSizeU, Boolean forceInfinityV, Boolean& hasDesiredSizeUChanged)
   at System.Windows.Controls.Grid.MeasureOverride(Size constraint)
   at System.Windows.FrameworkElement.MeasureCore(Size availableSize)
   at System.Windows.UIElement.Measure(Size availableSize)
   at MS.Internal.Helper.MeasureElementWithSingleChild(UIElement element, Size constraint)
   at System.Windows.FrameworkElement.MeasureCore(Size availableSize)
   at System.Windows.UIElement.Measure(Size availableSize)
   at System.Windows.Controls.Decorator.MeasureOverride(Size constraint)
   at System.Windows.Documents.AdornerDecorator.MeasureOverride(Size constraint)
   at System.Windows.FrameworkElement.MeasureCore(Size availableSize)
   at System.Windows.UIElement.Measure(Size availableSize)
   at System.Windows.Controls.Border.MeasureOverride(Size constraint)
   at System.Windows.FrameworkElement.MeasureCore(Size availableSize)
   at System.Windows.UIElement.Measure(Size availableSize)
   at System.Windows.Window.MeasureOverrideHelper(Size constraint)
   at System.Windows.Window.MeasureOverride(Size availableSize)
   at System.Windows.FrameworkElement.MeasureCore(Size availableSize)
   at System.Windows.UIElement.Measure(Size availableSize)
   at System.Windows.ContextLayoutManager.UpdateLayout()
   at System.Windows.ContextLayoutManager.UpdateLayoutCallback(Object arg)
   at System.Windows.Media.MediaContext.FireInvokeOnRenderCallbacks()
   at System.Windows.Media.MediaContext.RenderMessageHandlerCore(Object resizedCompositionTarget)
   at System.Windows.Media.MediaContext.RenderMessageHandler(Object resizedCompositionTarget)
   at System.Windows.Threading.ExceptionWrapper.InternalRealCall(Delegate callback, Object args, Int32 numArgs)
   at System.Windows.Threading.ExceptionWrapper.TryCatchWhen(Object source, Delegate callback, Object args, Int32 numArgs, Delegate catchHandler)
2026-02-04 13:27:41.566 - Dispatcher Exception: A 'Binding' cannot be set on the 'Value' property of type 'DataTrigger'. A 'Binding' can only be set on a DependencyProperty of a DependencyObject.
   at System.Windows.Markup.XamlReader.RewrapException(Exception e, IXamlLineInfo lineInfo, Uri baseUri)
   at System.Windows.Markup.XamlReader.RewrapException(Exception e, Uri baseUri)
   at System.Windows.FrameworkTemplate.LoadTemplateXaml(XamlReader templateReader, XamlObjectWriter currentWriter)
   at System.Windows.FrameworkTemplate.LoadOptimizedTemplateContent(DependencyObject container, IComponentConnector componentConnector, IStyleConnector styleConnector, List`1 affectedChildren, UncommonField`1 templatedNonFeChildrenField)
   at System.Windows.FrameworkTemplate.LoadContent(DependencyObject container, List`1 affectedChildren)
   at System.Windows.StyleHelper.ApplyTemplateContent(UncommonField`1 dataField, DependencyObject container, FrameworkElementFactory templateRoot, Int32 lastChildIndex, HybridDictionary childIndexFromChildID, FrameworkTemplate frameworkTemplate)
   at System.Windows.FrameworkTemplate.ApplyTemplateContent(UncommonField`1 templateDataField, FrameworkElement container)
   at System.Windows.FrameworkElement.ApplyTemplate()
   at System.Windows.FrameworkElement.MeasureCore(Size availableSize)
   at System.Windows.UIElement.Measure(Size availableSize)
   at System.Windows.Controls.Control.MeasureOverride(Size constraint)
   at System.Windows.FrameworkElement.MeasureCore(Size availableSize)
   at System.Windows.UIElement.Measure(Size availableSize)
   at System.Windows.Controls.Grid.MeasureCell(Int32 cell, Boolean forceInfinityV)
   at System.Windows.Controls.Grid.MeasureCellsGroup(Int32 cellsHead, Size referenceSize, Boolean ignoreDesiredSizeU, Boolean forceInfinityV, Boolean& hasDesiredSizeUChanged)
   at System.Windows.Controls.Grid.MeasureOverride(Size constraint)
   at System.Windows.FrameworkElement.MeasureCore(Size availableSize)
   at System.Windows.UIElement.Measure(Size availableSize)
   at System.Windows.Controls.Grid.MeasureCell(Int32 cell, Boolean forceInfinityV)
   at System.Windows.Controls.Grid.MeasureCellsGroup(Int32 cellsHead, Size referenceSize, Boolean ignoreDesiredSizeU, Boolean forceInfinityV, Boolean& hasDesiredSizeUChanged)
   at System.Windows.Controls.Grid.MeasureOverride(Size constraint)
   at System.Windows.FrameworkElement.MeasureCore(Size availableSize)
   at System.Windows.UIElement.Measure(Size availableSize)
   at MS.Internal.Helper.MeasureElementWithSingleChild(UIElement element, Size constraint)
   at System.Windows.FrameworkElement.MeasureCore(Size availableSize)
   at System.Windows.UIElement.Measure(Size availableSize)
   at System.Windows.Controls.Decorator.MeasureOverride(Size constraint)
   at System.Windows.Documents.AdornerDecorator.MeasureOverride(Size constraint)
   at System.Windows.FrameworkElement.MeasureCore(Size availableSize)
   at System.Windows.UIElement.Measure(Size availableSize)
   at System.Windows.Controls.Border.MeasureOverride(Size constraint)
   at System.Windows.FrameworkElement.MeasureCore(Size availableSize)
   at System.Windows.UIElement.Measure(Size availableSize)
   at System.Windows.Window.MeasureOverrideHelper(Size constraint)
   at System.Windows.Window.MeasureOverride(Size availableSize)
   at System.Windows.FrameworkElement.MeasureCore(Size availableSize)
   at System.Windows.UIElement.Measure(Size availableSize)
   at System.Windows.ContextLayoutManager.UpdateLayout()
   at System.Windows.ContextLayoutManager.UpdateLayoutCallback(Object arg)
   at System.Windows.Media.MediaContext.FireInvokeOnRenderCallbacks()
   at System.Windows.Media.MediaContext.RenderMessageHandlerCore(Object resizedCompositionTarget)
   at System.Windows.Media.MediaContext.RenderMessageHandler(Object resizedCompositionTarget)
   at System.Windows.Threading.ExceptionWrapper.InternalRealCall(Delegate callback, Object args, Int32 numArgs)
   at System.Windows.Threading.ExceptionWrapper.TryCatchWhen(Object source, Delegate callback, Object args, Int32 numArgs, Delegate catchHandler)
2026-02-04 13:27:41.602 - Dispatcher Exception: A 'Binding' cannot be set on the 'Value' property of type 'DataTrigger'. A 'Binding' can only be set on a DependencyProperty of a DependencyObject.
   at System.Windows.Markup.XamlReader.RewrapException(Exception e, IXamlLineInfo lineInfo, Uri baseUri)
   at System.Windows.Markup.XamlReader.RewrapException(Exception e, Uri baseUri)
   at System.Windows.FrameworkTemplate.LoadTemplateXaml(XamlReader templateReader, XamlObjectWriter currentWriter)
   at System.Windows.FrameworkTemplate.LoadOptimizedTemplateContent(DependencyObject container, IComponentConnector componentConnector, IStyleConnector styleConnector, List`1 affectedChildren, UncommonField`1 templatedNonFeChildrenField)
   at System.Windows.FrameworkTemplate.LoadContent(DependencyObject container, List`1 affectedChildren)
   at System.Windows.StyleHelper.ApplyTemplateContent(UncommonField`1 dataField, DependencyObject container, FrameworkElementFactory templateRoot, Int32 lastChildIndex, HybridDictionary childIndexFromChildID, FrameworkTemplate frameworkTemplate)
   at System.Windows.FrameworkTemplate.ApplyTemplateContent(UncommonField`1 templateDataField, FrameworkElement container)
   at System.Windows.FrameworkElement.ApplyTemplate()
   at System.Windows.FrameworkElement.MeasureCore(Size availableSize)
   at System.Windows.UIElement.Measure(Size availableSize)
   at System.Windows.Controls.Control.MeasureOverride(Size constraint)
   at System.Windows.FrameworkElement.MeasureCore(Size availableSize)
   at System.Windows.UIElement.Measure(Size availableSize)
   at System.Windows.Controls.Grid.MeasureCell(Int32 cell, Boolean forceInfinityV)
   at System.Windows.Controls.Grid.MeasureCellsGroup(Int32 cellsHead, Size referenceSize, Boolean ignoreDesiredSizeU, Boolean forceInfinityV, Boolean& hasDesiredSizeUChanged)
   at System.Windows.Controls.Grid.MeasureOverride(Size constraint)
   at System.Windows.FrameworkElement.MeasureCore(Size availableSize)
   at System.Windows.UIElement.Measure(Size availableSize)
   at System.Windows.Controls.Grid.MeasureCell(Int32 cell, Boolean forceInfinityV)
   at System.Windows.Controls.Grid.MeasureCellsGroup(Int32 cellsHead, Size referenceSize, Boolean ignoreDesiredSizeU, Boolean forceInfinityV, Boolean& hasDesiredSizeUChanged)
   at System.Windows.Controls.Grid.MeasureOverride(Size constraint)
   at System.Windows.FrameworkElement.MeasureCore(Size availableSize)
   at System.Windows.UIElement.Measure(Size availableSize)
   at MS.Internal.Helper.MeasureElementWithSingleChild(UIElement element, Size constraint)
   at System.Windows.FrameworkElement.MeasureCore(Size availableSize)
   at System.Windows.UIElement.Measure(Size availableSize)
   at System.Windows.Controls.Decorator.MeasureOverride(Size constraint)
   at System.Windows.Documents.AdornerDecorator.MeasureOverride(Size constraint)
   at System.Windows.FrameworkElement.MeasureCore(Size availableSize)
   at System.Windows.UIElement.Measure(Size availableSize)
   at System.Windows.Controls.Border.MeasureOverride(Size constraint)
   at System.Windows.FrameworkElement.MeasureCore(Size availableSize)
   at System.Windows.UIElement.Measure(Size availableSize)
   at System.Windows.Window.MeasureOverrideHelper(Size constraint)
   at System.Windows.Window.MeasureOverride(Size availableSize)
   at System.Windows.FrameworkElement.MeasureCore(Size availableSize)
   at System.Windows.UIElement.Measure(Size availableSize)
   at System.Windows.ContextLayoutManager.UpdateLayout()
   at System.Windows.ContextLayoutManager.UpdateLayoutCallback(Object arg)
   at System.Windows.Media.MediaContext.FireInvokeOnRenderCallbacks()
   at System.Windows.Media.MediaContext.RenderMessageHandlerCore(Object resizedCompositionTarget)
   at System.Windows.Media.MediaContext.RenderMessageHandler(Object resizedCompositionTarget)
   at System.Windows.Threading.ExceptionWrapper.InternalRealCall(Delegate callback, Object args, Int32 numArgs)
   at System.Windows.Threading.ExceptionWrapper.TryCatchWhen(Object source, Delegate callback, Object args, Int32 numArgs, Delegate catchHandler)
2026-02-04 13:27:41.634 - Dispatcher Exception: A 'Binding' cannot be set on the 'Value' property of type 'DataTrigger'. A 'Binding' can only be set on a DependencyProperty of a DependencyObject.
   at System.Windows.Markup.XamlReader.RewrapException(Exception e, IXamlLineInfo lineInfo, Uri baseUri)
   at System.Windows.Markup.XamlReader.RewrapException(Exception e, Uri baseUri)
   at System.Windows.FrameworkTemplate.LoadTemplateXaml(XamlReader templateReader, XamlObjectWriter currentWriter)
   at System.Windows.FrameworkTemplate.LoadOptimizedTemplateContent(DependencyObject container, IComponentConnector componentConnector, IStyleConnector styleConnector, List`1 affectedChildren, UncommonField`1 templatedNonFeChildrenField)
   at System.Windows.FrameworkTemplate.LoadContent(DependencyObject container, List`1 affectedChildren)
   at System.Windows.StyleHelper.ApplyTemplateContent(UncommonField`1 dataField, DependencyObject container, FrameworkElementFactory templateRoot, Int32 lastChildIndex, HybridDictionary childIndexFromChildID, FrameworkTemplate frameworkTemplate)
   at System.Windows.FrameworkTemplate.ApplyTemplateContent(UncommonField`1 templateDataField, FrameworkElement container)
   at System.Windows.FrameworkElement.ApplyTemplate()
   at System.Windows.FrameworkElement.MeasureCore(Size availableSize)
   at System.Windows.UIElement.Measure(Size availableSize)
   at System.Windows.Controls.Control.MeasureOverride(Size constraint)
   at System.Windows.FrameworkElement.MeasureCore(Size availableSize)
   at System.Windows.UIElement.Measure(Size availableSize)
   at System.Windows.Controls.Grid.MeasureCell(Int32 cell, Boolean forceInfinityV)
   at System.Windows.Controls.Grid.MeasureCellsGroup(Int32 cellsHead, Size referenceSize, Boolean ignoreDesiredSizeU, Boolean forceInfinityV, Boolean& hasDesiredSizeUChanged)
   at System.Windows.Controls.Grid.MeasureOverride(Size constraint)
   at System.Windows.FrameworkElement.MeasureCore(Size availableSize)
   at System.Windows.UIElement.Measure(Size availableSize)
   at System.Windows.Controls.Grid.MeasureCell(Int32 cell, Boolean forceInfinityV)
   at System.Windows.Controls.Grid.MeasureCellsGroup(Int32 cellsHead, Size referenceSize, Boolean ignoreDesiredSizeU, Boolean forceInfinityV, Boolean& hasDesiredSizeUChanged)
   at System.Windows.Controls.Grid.MeasureOverride(Size constraint)
   at System.Windows.FrameworkElement.MeasureCore(Size availableSize)
   at System.Windows.UIElement.Measure(Size availableSize)
   at MS.Internal.Helper.MeasureElementWithSingleChild(UIElement element, Size constraint)
   at System.Windows.FrameworkElement.MeasureCore(Size availableSize)
   at System.Windows.UIElement.Measure(Size availableSize)
   at System.Windows.Controls.Decorator.MeasureOverride(Size constraint)
   at System.Windows.Documents.AdornerDecorator.MeasureOverride(Size constraint)
   at System.Windows.FrameworkElement.MeasureCore(Size availableSize)
   at System.Windows.UIElement.Measure(Size availableSize)
   at System.Windows.Controls.Border.MeasureOverride(Size constraint)
   at System.Windows.FrameworkElement.MeasureCore(Size availableSize)
   at System.Windows.UIElement.Measure(Size availableSize)
   at System.Windows.Window.MeasureOverrideHelper(Size constraint)
   at System.Windows.Window.MeasureOverride(Size availableSize)
   at System.Windows.FrameworkElement.MeasureCore(Size availableSize)
   at System.Windows.UIElement.Measure(Size availableSize)
   at System.Windows.ContextLayoutManager.UpdateLayout()
   at System.Windows.ContextLayoutManager.UpdateLayoutCallback(Object arg)
   at System.Windows.Media.MediaContext.FireInvokeOnRenderCallbacks()
   at System.Windows.Media.MediaContext.RenderMessageHandlerCore(Object resizedCompositionTarget)
   at System.Windows.Media.MediaContext.RenderMessageHandler(Object resizedCompositionTarget)
   at System.Windows.Threading.ExceptionWrapper.InternalRealCall(Delegate callback, Object args, Int32 numArgs)
   at System.Windows.Threading.ExceptionWrapper.TryCatchWhen(Object source, Delegate callback, Object args, Int32 numArgs, Delegate catchHandler)
2026-02-04 13:27:41.665 - Dispatcher Exception: A 'Binding' cannot be set on the 'Value' property of type 'DataTrigger'. A 'Binding' can only be set on a DependencyProperty of a DependencyObject.
   at System.Windows.Markup.XamlReader.RewrapException(Exception e, IXamlLineInfo lineInfo, Uri baseUri)
   at System.Windows.Markup.XamlReader.RewrapException(Exception e, Uri baseUri)
   at System.Windows.FrameworkTemplate.LoadTemplateXaml(XamlReader templateReader, XamlObjectWriter currentWriter)
   at System.Windows.FrameworkTemplate.LoadOptimizedTemplateContent(DependencyObject container, IComponentConnector componentConnector, IStyleConnector styleConnector, List`1 affectedChildren, UncommonField`1 templatedNonFeChildrenField)
   at System.Windows.FrameworkTemplate.LoadContent(DependencyObject container, List`1 affectedChildren)
   at System.Windows.StyleHelper.ApplyTemplateContent(UncommonField`1 dataField, DependencyObject container, FrameworkElementFactory templateRoot, Int32 lastChildIndex, HybridDictionary childIndexFromChildID, FrameworkTemplate frameworkTemplate)
   at System.Windows.FrameworkTemplate.ApplyTemplateContent(UncommonField`1 templateDataField, FrameworkElement container)
   at System.Windows.FrameworkElement.ApplyTemplate()
   at System.Windows.FrameworkElement.MeasureCore(Size availableSize)
   at System.Windows.UIElement.Measure(Size availableSize)
   at System.Windows.Controls.Control.MeasureOverride(Size constraint)
   at System.Windows.FrameworkElement.MeasureCore(Size availableSize)
   at System.Windows.UIElement.Measure(Size availableSize)
   at System.Windows.Controls.Grid.MeasureCell(Int32 cell, Boolean forceInfinityV)
   at System.Windows.Controls.Grid.MeasureCellsGroup(Int32 cellsHead, Size referenceSize, Boolean ignoreDesiredSizeU, Boolean forceInfinityV, Boolean& hasDesiredSizeUChanged)
   at System.Windows.Controls.Grid.MeasureOverride(Size constraint)
   at System.Windows.FrameworkElement.MeasureCore(Size availableSize)
   at System.Windows.UIElement.Measure(Size availableSize)
   at System.Windows.Controls.Grid.MeasureCell(Int32 cell, Boolean forceInfinityV)
   at System.Windows.Controls.Grid.MeasureCellsGroup(Int32 cellsHead, Size referenceSize, Boolean ignoreDesiredSizeU, Boolean forceInfinityV, Boolean& hasDesiredSizeUChanged)
   at System.Windows.Controls.Grid.MeasureOverride(Size constraint)
   at System.Windows.FrameworkElement.MeasureCore(Size availableSize)
   at System.Windows.UIElement.Measure(Size availableSize)
   at MS.Internal.Helper.MeasureElementWithSingleChild(UIElement element, Size constraint)
   at System.Windows.FrameworkElement.MeasureCore(Size availableSize)
   at System.Windows.UIElement.Measure(Size availableSize)
   at System.Windows.Controls.Decorator.MeasureOverride(Size constraint)
   at System.Windows.Documents.AdornerDecorator.MeasureOverride(Size constraint)
   at System.Windows.FrameworkElement.MeasureCore(Size availableSize)
   at System.Windows.UIElement.Measure(Size availableSize)
   at System.Windows.Controls.Border.MeasureOverride(Size constraint)
   at System.Windows.FrameworkElement.MeasureCore(Size availableSize)
   at System.Windows.UIElement.Measure(Size availableSize)
   at System.Windows.Window.MeasureOverrideHelper(Size constraint)
   at System.Windows.Window.MeasureOverride(Size availableSize)
   at System.Windows.FrameworkElement.MeasureCore(Size availableSize)
   at System.Windows.UIElement.Measure(Size availableSize)
   at System.Windows.ContextLayoutManager.UpdateLayout()
   at System.Windows.ContextLayoutManager.UpdateLayoutCallback(Object arg)
   at System.Windows.Media.MediaContext.FireInvokeOnRenderCallbacks()
   at System.Windows.Media.MediaContext.RenderMessageHandlerCore(Object resizedCompositionTarget)
   at System.Windows.Media.MediaContext.RenderMessageHandler(Object resizedCompositionTarget)
   at System.Windows.Threading.ExceptionWrapper.InternalRealCall(Delegate callback, Object args, Int32 numArgs)
   at System.Windows.Threading.ExceptionWrapper.TryCatchWhen(Object source, Delegate callback, Object args, Int32 numArgs, Delegate catchHandler)
2026-02-04 13:27:41.696 - Dispatcher Exception: A 'Binding' cannot be set on the 'Value' property of type 'DataTrigger'. A 'Binding' can only be set on a DependencyProperty of a DependencyObject.
   at System.Windows.Markup.XamlReader.RewrapException(Exception e, IXamlLineInfo lineInfo, Uri baseUri)
   at System.Windows.Markup.XamlReader.RewrapException(Exception e, Uri baseUri)
   at System.Windows.FrameworkTemplate.LoadTemplateXaml(XamlReader templateReader, XamlObjectWriter currentWriter)
   at System.Windows.FrameworkTemplate.LoadOptimizedTemplateContent(DependencyObject container, IComponentConnector componentConnector, IStyleConnector styleConnector, List`1 affectedChildren, UncommonField`1 templatedNonFeChildrenField)
   at System.Windows.FrameworkTemplate.LoadContent(DependencyObject container, List`1 affectedChildren)
   at System.Windows.StyleHelper.ApplyTemplateContent(UncommonField`1 dataField, DependencyObject container, FrameworkElementFactory templateRoot, Int32 lastChildIndex, HybridDictionary childIndexFromChildID, FrameworkTemplate frameworkTemplate)
   at System.Windows.FrameworkTemplate.ApplyTemplateContent(UncommonField`1 templateDataField, FrameworkElement container)
   at System.Windows.FrameworkElement.ApplyTemplate()
   at System.Windows.FrameworkElement.MeasureCore(Size availableSize)
   at System.Windows.UIElement.Measure(Size availableSize)
   at System.Windows.Controls.Control.MeasureOverride(Size constraint)
   at System.Windows.FrameworkElement.MeasureCore(Size availableSize)
   at System.Windows.UIElement.Measure(Size availableSize)
   at System.Windows.Controls.Grid.MeasureCell(Int32 cell, Boolean forceInfinityV)
   at System.Windows.Controls.Grid.MeasureCellsGroup(Int32 cellsHead, Size referenceSize, Boolean ignoreDesiredSizeU, Boolean forceInfinityV, Boolean& hasDesiredSizeUChanged)
   at System.Windows.Controls.Grid.MeasureOverride(Size constraint)
   at System.Windows.FrameworkElement.MeasureCore(Size availableSize)
   at System.Windows.UIElement.Measure(Size availableSize)
   at System.Windows.Controls.Grid.MeasureCell(Int32 cell, Boolean forceInfinityV)
   at System.Windows.Controls.Grid.MeasureCellsGroup(Int32 cellsHead, Size referenceSize, Boolean ignoreDesiredSizeU, Boolean forceInfinityV, Boolean& hasDesiredSizeUChanged)
   at System.Windows.Controls.Grid.MeasureOverride(Size constraint)
   at System.Windows.FrameworkElement.MeasureCore(Size availableSize)
   at System.Windows.UIElement.Measure(Size availableSize)
   at MS.Internal.Helper.MeasureElementWithSingleChild(UIElement element, Size constraint)
   at System.Windows.FrameworkElement.MeasureCore(Size availableSize)
   at System.Windows.UIElement.Measure(Size availableSize)
   at System.Windows.Controls.Decorator.MeasureOverride(Size constraint)
   at System.Windows.Documents.AdornerDecorator.MeasureOverride(Size constraint)
   at System.Windows.FrameworkElement.MeasureCore(Size availableSize)
   at System.Windows.UIElement.Measure(Size availableSize)
   at System.Windows.Controls.Border.MeasureOverride(Size constraint)
   at System.Windows.FrameworkElement.MeasureCore(Size availableSize)
   at System.Windows.UIElement.Measure(Size availableSize)
   at System.Windows.Window.MeasureOverrideHelper(Size constraint)
   at System.Windows.Window.MeasureOverride(Size availableSize)
   at System.Windows.FrameworkElement.MeasureCore(Size availableSize)
   at System.Windows.UIElement.Measure(Size availableSize)
   at System.Windows.ContextLayoutManager.UpdateLayout()
   at System.Windows.ContextLayoutManager.UpdateLayoutCallback(Object arg)
   at System.Windows.Media.MediaContext.FireInvokeOnRenderCallbacks()
   at System.Windows.Media.MediaContext.RenderMessageHandlerCore(Object resizedCompositionTarget)
   at System.Windows.Media.MediaContext.RenderMessageHandler(Object resizedCompositionTarget)
   at System.Windows.Threading.ExceptionWrapper.InternalRealCall(Delegate callback, Object args, Int32 numArgs)
   at System.Windows.Threading.ExceptionWrapper.TryCatchWhen(Object source, Delegate callback, Object args, Int32 numArgs, Delegate catchHandler)
2026-02-04 13:27:41.727 - Dispatcher Exception: A 'Binding' cannot be set on the 'Value' property of type 'DataTrigger'. A 'Binding' can only be set on a DependencyProperty of a DependencyObject.
   at System.Windows.Markup.XamlReader.RewrapException(Exception e, IXamlLineInfo lineInfo, Uri baseUri)
   at System.Windows.Markup.XamlReader.RewrapException(Exception e, Uri baseUri)
   at System.Windows.FrameworkTemplate.LoadTemplateXaml(XamlReader templateReader, XamlObjectWriter currentWriter)
   at System.Windows.FrameworkTemplate.LoadOptimizedTemplateContent(DependencyObject container, IComponentConnector componentConnector, IStyleConnector styleConnector, List`1 affectedChildren, UncommonField`1 templatedNonFeChildrenField)
   at System.Windows.FrameworkTemplate.LoadContent(DependencyObject container, List`1 affectedChildren)
   at System.Windows.StyleHelper.ApplyTemplateContent(UncommonField`1 dataField, DependencyObject container, FrameworkElementFactory templateRoot, Int32 lastChildIndex, HybridDictionary childIndexFromChildID, FrameworkTemplate frameworkTemplate)
   at System.Windows.FrameworkTemplate.ApplyTemplateContent(UncommonField`1 templateDataField, FrameworkElement container)
   at System.Windows.FrameworkElement.ApplyTemplate()
   at System.Windows.FrameworkElement.MeasureCore(Size availableSize)
   at System.Windows.UIElement.Measure(Size availableSize)
   at System.Windows.Controls.Control.MeasureOverride(Size constraint)
   at System.Windows.FrameworkElement.MeasureCore(Size availableSize)
   at System.Windows.UIElement.Measure(Size availableSize)
   at System.Windows.Controls.Grid.MeasureCell(Int32 cell, Boolean forceInfinityV)
   at System.Windows.Controls.Grid.MeasureCellsGroup(Int32 cellsHead, Size referenceSize, Boolean ignoreDesiredSizeU, Boolean forceInfinityV, Boolean& hasDesiredSizeUChanged)
   at System.Windows.Controls.Grid.MeasureOverride(Size constraint)
   at System.Windows.FrameworkElement.MeasureCore(Size availableSize)
   at System.Windows.UIElement.Measure(Size availableSize)
   at System.Windows.Controls.Grid.MeasureCell(Int32 cell, Boolean forceInfinityV)
   at System.Windows.Controls.Grid.MeasureCellsGroup(Int32 cellsHead, Size referenceSize, Boolean ignoreDesiredSizeU, Boolean forceInfinityV, Boolean& hasDesiredSizeUChanged)
   at System.Windows.Controls.Grid.MeasureOverride(Size constraint)
   at System.Windows.FrameworkElement.MeasureCore(Size availableSize)
   at System.Windows.UIElement.Measure(Size availableSize)
   at MS.Internal.Helper.MeasureElementWithSingleChild(UIElement element, Size constraint)
   at System.Windows.FrameworkElement.MeasureCore(Size availableSize)
   at System.Windows.UIElement.Measure(Size availableSize)
   at System.Windows.Controls.Decorator.MeasureOverride(Size constraint)
   at System.Windows.Documents.AdornerDecorator.MeasureOverride(Size constraint)
   at System.Windows.FrameworkElement.MeasureCore(Size availableSize)
   at System.Windows.UIElement.Measure(Size availableSize)
   at System.Windows.Controls.Border.MeasureOverride(Size constraint)
   at System.Windows.FrameworkElement.MeasureCore(Size availableSize)
   at System.Windows.UIElement.Measure(Size availableSize)
   at System.Windows.Window.MeasureOverrideHelper(Size constraint)
   at System.Windows.Window.MeasureOverride(Size availableSize)
   at System.Windows.FrameworkElement.MeasureCore(Size availableSize)
   at System.Windows.UIElement.Measure(Size availableSize)
   at System.Windows.ContextLayoutManager.UpdateLayout()
   at System.Windows.ContextLayoutManager.UpdateLayoutCallback(Object arg)
   at System.Windows.Media.MediaContext.FireInvokeOnRenderCallbacks()
   at System.Windows.Media.MediaContext.RenderMessageHandlerCore(Object resizedCompositionTarget)
   at System.Windows.Media.MediaContext.RenderMessageHandler(Object resizedCompositionTarget)
   at System.Windows.Threading.ExceptionWrapper.InternalRealCall(Delegate callback, Object args, Int32 numArgs)
   at System.Windows.Threading.ExceptionWrapper.TryCatchWhen(Object source, Delegate callback, Object args, Int32 numArgs, Delegate catchHandler)
2026-02-04 13:27:41.760 - Dispatcher Exception: A 'Binding' cannot be set on the 'Value' property of type 'DataTrigger'. A 'Binding' can only be set on a DependencyProperty of a DependencyObject.
   at System.Windows.Markup.XamlReader.RewrapException(Exception e, IXamlLineInfo lineInfo, Uri baseUri)
   at System.Windows.Markup.XamlReader.RewrapException(Exception e, Uri baseUri)
   at System.Windows.FrameworkTemplate.LoadTemplateXaml(XamlReader templateReader, XamlObjectWriter currentWriter)
   at System.Windows.FrameworkTemplate.LoadOptimizedTemplateContent(DependencyObject container, IComponentConnector componentConnector, IStyleConnector styleConnector, List`1 affectedChildren, UncommonField`1 templatedNonFeChildrenField)
   at System.Windows.FrameworkTemplate.LoadContent(DependencyObject container, List`1 affectedChildren)
   at System.Windows.StyleHelper.ApplyTemplateContent(UncommonField`1 dataField, DependencyObject container, FrameworkElementFactory templateRoot, Int32 lastChildIndex, HybridDictionary childIndexFromChildID, FrameworkTemplate frameworkTemplate)
   at System.Windows.FrameworkTemplate.ApplyTemplateContent(UncommonField`1 templateDataField, FrameworkElement container)
   at System.Windows.FrameworkElement.ApplyTemplate()
   at System.Windows.FrameworkElement.MeasureCore(Size availableSize)
   at System.Windows.UIElement.Measure(Size availableSize)
   at System.Windows.Controls.Control.MeasureOverride(Size constraint)
   at System.Windows.FrameworkElement.MeasureCore(Size availableSize)
   at System.Windows.UIElement.Measure(Size availableSize)
   at System.Windows.Controls.Grid.MeasureCell(Int32 cell, Boolean forceInfinityV)
   at System.Windows.Controls.Grid.MeasureCellsGroup(Int32 cellsHead, Size referenceSize, Boolean ignoreDesiredSizeU, Boolean forceInfinityV, Boolean& hasDesiredSizeUChanged)
   at System.Windows.Controls.Grid.MeasureOverride(Size constraint)
   at System.Windows.FrameworkElement.MeasureCore(Size availableSize)
   at System.Windows.UIElement.Measure(Size availableSize)
   at System.Windows.Controls.Grid.MeasureCell(Int32 cell, Boolean forceInfinityV)
   at System.Windows.Controls.Grid.MeasureCellsGroup(Int32 cellsHead, Size referenceSize, Boolean ignoreDesiredSizeU, Boolean forceInfinityV, Boolean& hasDesiredSizeUChanged)
   at System.Windows.Controls.Grid.MeasureOverride(Size constraint)
   at System.Windows.FrameworkElement.MeasureCore(Size availableSize)
   at System.Windows.UIElement.Measure(Size availableSize)
   at MS.Internal.Helper.MeasureElementWithSingleChild(UIElement element, Size constraint)
   at System.Windows.FrameworkElement.MeasureCore(Size availableSize)
   at System.Windows.UIElement.Measure(Size availableSize)
   at System.Windows.Controls.Decorator.MeasureOverride(Size constraint)
   at System.Windows.Documents.AdornerDecorator.MeasureOverride(Size constraint)
   at System.Windows.FrameworkElement.MeasureCore(Size availableSize)
   at System.Windows.UIElement.Measure(Size availableSize)
   at System.Windows.Controls.Border.MeasureOverride(Size constraint)
   at System.Windows.FrameworkElement.MeasureCore(Size availableSize)
   at System.Windows.UIElement.Measure(Size availableSize)
   at System.Windows.Window.MeasureOverrideHelper(Size constraint)
   at System.Windows.Window.MeasureOverride(Size availableSize)
   at System.Windows.FrameworkElement.MeasureCore(Size availableSize)
   at System.Windows.UIElement.Measure(Size availableSize)
   at System.Windows.ContextLayoutManager.UpdateLayout()
   at System.Windows.ContextLayoutManager.UpdateLayoutCallback(Object arg)
   at System.Windows.Media.MediaContext.FireInvokeOnRenderCallbacks()
   at System.Windows.Media.MediaContext.RenderMessageHandlerCore(Object resizedCompositionTarget)
   at System.Windows.Media.MediaContext.RenderMessageHandler(Object resizedCompositionTarget)
   at System.Windows.Threading.ExceptionWrapper.InternalRealCall(Delegate callback, Object args, Int32 numArgs)
   at System.Windows.Threading.ExceptionWrapper.TryCatchWhen(Object source, Delegate callback, Object args, Int32 numArgs, Delegate catchHandler)
2026-02-04 13:27:41.792 - Dispatcher Exception: A 'Binding' cannot be set on the 'Value' property of type 'DataTrigger'. A 'Binding' can only be set on a DependencyProperty of a DependencyObject.
   at System.Windows.Markup.XamlReader.RewrapException(Exception e, IXamlLineInfo lineInfo, Uri baseUri)
   at System.Windows.Markup.XamlReader.RewrapException(Exception e, Uri baseUri)
   at System.Windows.FrameworkTemplate.LoadTemplateXaml(XamlReader templateReader, XamlObjectWriter currentWriter)
   at System.Windows.FrameworkTemplate.LoadOptimizedTemplateContent(DependencyObject container, IComponentConnector componentConnector, IStyleConnector styleConnector, List`1 affectedChildren, UncommonField`1 templatedNonFeChildrenField)
   at System.Windows.FrameworkTemplate.LoadContent(DependencyObject container, List`1 affectedChildren)
   at System.Windows.StyleHelper.ApplyTemplateContent(UncommonField`1 dataField, DependencyObject container, FrameworkElementFactory templateRoot, Int32 lastChildIndex, HybridDictionary childIndexFromChildID, FrameworkTemplate frameworkTemplate)
   at System.Windows.FrameworkTemplate.ApplyTemplateContent(UncommonField`1 templateDataField, FrameworkElement container)
   at System.Windows.FrameworkElement.ApplyTemplate()
   at System.Windows.FrameworkElement.MeasureCore(Size availableSize)
   at System.Windows.UIElement.Measure(Size availableSize)
   at System.Windows.Controls.Control.MeasureOverride(Size constraint)
   at System.Windows.FrameworkElement.MeasureCore(Size availableSize)
   at System.Windows.UIElement.Measure(Size availableSize)
   at System.Windows.Controls.Grid.MeasureCell(Int32 cell, Boolean forceInfinityV)
   at System.Windows.Controls.Grid.MeasureCellsGroup(Int32 cellsHead, Size referenceSize, Boolean ignoreDesiredSizeU, Boolean forceInfinityV, Boolean& hasDesiredSizeUChanged)
   at System.Windows.Controls.Grid.MeasureOverride(Size constraint)
   at System.Windows.FrameworkElement.MeasureCore(Size availableSize)
   at System.Windows.UIElement.Measure(Size availableSize)
   at System.Windows.Controls.Grid.MeasureCell(Int32 cell, Boolean forceInfinityV)
   at System.Windows.Controls.Grid.MeasureCellsGroup(Int32 cellsHead, Size referenceSize, Boolean ignoreDesiredSizeU, Boolean forceInfinityV, Boolean& hasDesiredSizeUChanged)
   at System.Windows.Controls.Grid.MeasureOverride(Size constraint)
   at System.Windows.FrameworkElement.MeasureCore(Size availableSize)
   at System.Windows.UIElement.Measure(Size availableSize)
   at MS.Internal.Helper.MeasureElementWithSingleChild(UIElement element, Size constraint)
   at System.Windows.FrameworkElement.MeasureCore(Size availableSize)
   at System.Windows.UIElement.Measure(Size availableSize)
   at System.Windows.Controls.Decorator.MeasureOverride(Size constraint)
   at System.Windows.Documents.AdornerDecorator.MeasureOverride(Size constraint)
   at System.Windows.FrameworkElement.MeasureCore(Size availableSize)
   at System.Windows.UIElement.Measure(Size availableSize)
   at System.Windows.Controls.Border.MeasureOverride(Size constraint)
   at System.Windows.FrameworkElement.MeasureCore(Size availableSize)
   at System.Windows.UIElement.Measure(Size availableSize)
   at System.Windows.Window.MeasureOverrideHelper(Size constraint)
   at System.Windows.Window.MeasureOverride(Size availableSize)
   at System.Windows.FrameworkElement.MeasureCore(Size availableSize)
   at System.Windows.UIElement.Measure(Size availableSize)
   at System.Windows.ContextLayoutManager.UpdateLayout()
   at System.Windows.ContextLayoutManager.UpdateLayoutCallback(Object arg)
   at System.Windows.Media.MediaContext.FireInvokeOnRenderCallbacks()
   at System.Windows.Media.MediaContext.RenderMessageHandlerCore(Object resizedCompositionTarget)
   at System.Windows.Media.MediaContext.RenderMessageHandler(Object resizedCompositionTarget)
   at System.Windows.Threading.ExceptionWrapper.InternalRealCall(Delegate callback, Object args, Int32 numArgs)
   at System.Windows.Threading.ExceptionWrapper.TryCatchWhen(Object source, Delegate callback, Object args, Int32 numArgs, Delegate catchHandler)
2026-02-04 13:27:41.821 - Dispatcher Exception: A 'Binding' cannot be set on the 'Value' property of type 'DataTrigger'. A 'Binding' can only be set on a DependencyProperty of a DependencyObject.
   at System.Windows.Markup.XamlReader.RewrapException(Exception e, IXamlLineInfo lineInfo, Uri baseUri)
   at System.Windows.Markup.XamlReader.RewrapException(Exception e, Uri baseUri)
   at System.Windows.FrameworkTemplate.LoadTemplateXaml(XamlReader templateReader, XamlObjectWriter currentWriter)
   at System.Windows.FrameworkTemplate.LoadOptimizedTemplateContent(DependencyObject container, IComponentConnector componentConnector, IStyleConnector styleConnector, List`1 affectedChildren, UncommonField`1 templatedNonFeChildrenField)
   at System.Windows.FrameworkTemplate.LoadContent(DependencyObject container, List`1 affectedChildren)
   at System.Windows.StyleHelper.ApplyTemplateContent(UncommonField`1 dataField, DependencyObject container, FrameworkElementFactory templateRoot, Int32 lastChildIndex, HybridDictionary childIndexFromChildID, FrameworkTemplate frameworkTemplate)
   at System.Windows.FrameworkTemplate.ApplyTemplateContent(UncommonField`1 templateDataField, FrameworkElement container)
   at System.Windows.FrameworkElement.ApplyTemplate()
   at System.Windows.FrameworkElement.MeasureCore(Size availableSize)
   at System.Windows.UIElement.Measure(Size availableSize)
   at System.Windows.Controls.Control.MeasureOverride(Size constraint)
   at System.Windows.FrameworkElement.MeasureCore(Size availableSize)
   at System.Windows.UIElement.Measure(Size availableSize)
   at System.Windows.Controls.Grid.MeasureCell(Int32 cell, Boolean forceInfinityV)
   at System.Windows.Controls.Grid.MeasureCellsGroup(Int32 cellsHead, Size referenceSize, Boolean ignoreDesiredSizeU, Boolean forceInfinityV, Boolean& hasDesiredSizeUChanged)
   at System.Windows.Controls.Grid.MeasureOverride(Size constraint)
   at System.Windows.FrameworkElement.MeasureCore(Size availableSize)
   at System.Windows.UIElement.Measure(Size availableSize)
   at System.Windows.Controls.Grid.MeasureCell(Int32 cell, Boolean forceInfinityV)
   at System.Windows.Controls.Grid.MeasureCellsGroup(Int32 cellsHead, Size referenceSize, Boolean ignoreDesiredSizeU, Boolean forceInfinityV, Boolean& hasDesiredSizeUChanged)
   at System.Windows.Controls.Grid.MeasureOverride(Size constraint)
   at System.Windows.FrameworkElement.MeasureCore(Size availableSize)
   at System.Windows.UIElement.Measure(Size availableSize)
   at MS.Internal.Helper.MeasureElementWithSingleChild(UIElement element, Size constraint)
   at System.Windows.FrameworkElement.MeasureCore(Size availableSize)
   at System.Windows.UIElement.Measure(Size availableSize)
   at System.Windows.Controls.Decorator.MeasureOverride(Size constraint)
   at System.Windows.Documents.AdornerDecorator.MeasureOverride(Size constraint)
   at System.Windows.FrameworkElement.MeasureCore(Size availableSize)
   at System.Windows.UIElement.Measure(Size availableSize)
   at System.Windows.Controls.Border.MeasureOverride(Size constraint)
   at System.Windows.FrameworkElement.MeasureCore(Size availableSize)
   at System.Windows.UIElement.Measure(Size availableSize)
   at System.Windows.Window.MeasureOverrideHelper(Size constraint)
   at System.Windows.Window.MeasureOverride(Size availableSize)
   at System.Windows.FrameworkElement.MeasureCore(Size availableSize)
   at System.Windows.UIElement.Measure(Size availableSize)
   at System.Windows.ContextLayoutManager.UpdateLayout()
   at System.Windows.ContextLayoutManager.UpdateLayoutCallback(Object arg)
   at System.Windows.Media.MediaContext.FireInvokeOnRenderCallbacks()
   at System.Windows.Media.MediaContext.RenderMessageHandlerCore(Object resizedCompositionTarget)
   at System.Windows.Media.MediaContext.RenderMessageHandler(Object resizedCompositionTarget)
   at System.Windows.Threading.ExceptionWrapper.InternalRealCall(Delegate callback, Object args, Int32 numArgs)
   at System.Windows.Threading.ExceptionWrapper.TryCatchWhen(Object source, Delegate callback, Object args, Int32 numArgs, Delegate catchHandler)
2026-02-04 13:27:41.850 - Dispatcher Exception: A 'Binding' cannot be set on the 'Value' property of type 'DataTrigger'. A 'Binding' can only be set on a DependencyProperty of a DependencyObject.
   at System.Windows.Markup.XamlReader.RewrapException(Exception e, IXamlLineInfo lineInfo, Uri baseUri)
   at System.Windows.Markup.XamlReader.RewrapException(Exception e, Uri baseUri)
   at System.Windows.FrameworkTemplate.LoadTemplateXaml(XamlReader templateReader, XamlObjectWriter currentWriter)
   at System.Windows.FrameworkTemplate.LoadOptimizedTemplateContent(DependencyObject container, IComponentConnector componentConnector, IStyleConnector styleConnector, List`1 affectedChildren, UncommonField`1 templatedNonFeChildrenField)
   at System.Windows.FrameworkTemplate.LoadContent(DependencyObject container, List`1 affectedChildren)
   at System.Windows.StyleHelper.ApplyTemplateContent(UncommonField`1 dataField, DependencyObject container, FrameworkElementFactory templateRoot, Int32 lastChildIndex, HybridDictionary childIndexFromChildID, FrameworkTemplate frameworkTemplate)
   at System.Windows.FrameworkTemplate.ApplyTemplateContent(UncommonField`1 templateDataField, FrameworkElement container)
   at System.Windows.FrameworkElement.ApplyTemplate()
   at System.Windows.FrameworkElement.MeasureCore(Size availableSize)
   at System.Windows.UIElement.Measure(Size availableSize)
   at System.Windows.Controls.Control.MeasureOverride(Size constraint)
   at System.Windows.FrameworkElement.MeasureCore(Size availableSize)
   at System.Windows.UIElement.Measure(Size availableSize)
   at System.Windows.Controls.Grid.MeasureCell(Int32 cell, Boolean forceInfinityV)
   at System.Windows.Controls.Grid.MeasureCellsGroup(Int32 cellsHead, Size referenceSize, Boolean ignoreDesiredSizeU, Boolean forceInfinityV, Boolean& hasDesiredSizeUChanged)
   at System.Windows.Controls.Grid.MeasureOverride(Size constraint)
   at System.Windows.FrameworkElement.MeasureCore(Size availableSize)
   at System.Windows.UIElement.Measure(Size availableSize)
   at System.Windows.Controls.Grid.MeasureCell(Int32 cell, Boolean forceInfinityV)
   at System.Windows.Controls.Grid.MeasureCellsGroup(Int32 cellsHead, Size referenceSize, Boolean ignoreDesiredSizeU, Boolean forceInfinityV, Boolean& hasDesiredSizeUChanged)
   at System.Windows.Controls.Grid.MeasureOverride(Size constraint)
   at System.Windows.FrameworkElement.MeasureCore(Size availableSize)
   at System.Windows.UIElement.Measure(Size availableSize)
   at MS.Internal.Helper.MeasureElementWithSingleChild(UIElement element, Size constraint)
   at System.Windows.FrameworkElement.MeasureCore(Size availableSize)
   at System.Windows.UIElement.Measure(Size availableSize)
   at System.Windows.Controls.Decorator.MeasureOverride(Size constraint)
   at System.Windows.Documents.AdornerDecorator.MeasureOverride(Size constraint)
   at System.Windows.FrameworkElement.MeasureCore(Size availableSize)
   at System.Windows.UIElement.Measure(Size availableSize)
   at System.Windows.Controls.Border.MeasureOverride(Size constraint)
   at System.Windows.FrameworkElement.MeasureCore(Size availableSize)
   at System.Windows.UIElement.Measure(Size availableSize)
   at System.Windows.Window.MeasureOverrideHelper(Size constraint)
   at System.Windows.Window.MeasureOverride(Size availableSize)
   at System.Windows.FrameworkElement.MeasureCore(Size availableSize)
   at System.Windows.UIElement.Measure(Size availableSize)
   at System.Windows.ContextLayoutManager.UpdateLayout()
   at System.Windows.ContextLayoutManager.UpdateLayoutCallback(Object arg)
   at System.Windows.Media.MediaContext.FireInvokeOnRenderCallbacks()
   at System.Windows.Media.MediaContext.RenderMessageHandlerCore(Object resizedCompositionTarget)
   at System.Windows.Media.MediaContext.RenderMessageHandler(Object resizedCompositionTarget)
   at System.Windows.Threading.ExceptionWrapper.InternalRealCall(Delegate callback, Object args, Int32 numArgs)
   at System.Windows.Threading.ExceptionWrapper.TryCatchWhen(Object source, Delegate callback, Object args, Int32 numArgs, Delegate catchHandler)
2026-02-04 13:27:41.878 - Dispatcher Exception: A 'Binding' cannot be set on the 'Value' property of type 'DataTrigger'. A 'Binding' can only be set on a DependencyProperty of a DependencyObject.
   at System.Windows.Markup.XamlReader.RewrapException(Exception e, IXamlLineInfo lineInfo, Uri baseUri)
   at System.Windows.Markup.XamlReader.RewrapException(Exception e, Uri baseUri)
   at System.Windows.FrameworkTemplate.LoadTemplateXaml(XamlReader templateReader, XamlObjectWriter currentWriter)
   at System.Windows.FrameworkTemplate.LoadOptimizedTemplateContent(DependencyObject container, IComponentConnector componentConnector, IStyleConnector styleConnector, List`1 affectedChildren, UncommonField`1 templatedNonFeChildrenField)
   at System.Windows.FrameworkTemplate.LoadContent(DependencyObject container, List`1 affectedChildren)
   at System.Windows.StyleHelper.ApplyTemplateContent(UncommonField`1 dataField, DependencyObject container, FrameworkElementFactory templateRoot, Int32 lastChildIndex, HybridDictionary childIndexFromChildID, FrameworkTemplate frameworkTemplate)
   at System.Windows.FrameworkTemplate.ApplyTemplateContent(UncommonField`1 templateDataField, FrameworkElement container)
   at System.Windows.FrameworkElement.ApplyTemplate()
   at System.Windows.FrameworkElement.MeasureCore(Size availableSize)
   at System.Windows.UIElement.Measure(Size availableSize)
   at System.Windows.Controls.Control.MeasureOverride(Size constraint)
   at System.Windows.FrameworkElement.MeasureCore(Size availableSize)
   at System.Windows.UIElement.Measure(Size availableSize)
   at System.Windows.Controls.Grid.MeasureCell(Int32 cell, Boolean forceInfinityV)
   at System.Windows.Controls.Grid.MeasureCellsGroup(Int32 cellsHead, Size referenceSize, Boolean ignoreDesiredSizeU, Boolean forceInfinityV, Boolean& hasDesiredSizeUChanged)
   at System.Windows.Controls.Grid.MeasureOverride(Size constraint)
   at System.Windows.FrameworkElement.MeasureCore(Size availableSize)
   at System.Windows.UIElement.Measure(Size availableSize)
   at System.Windows.Controls.Grid.MeasureCell(Int32 cell, Boolean forceInfinityV)
   at System.Windows.Controls.Grid.MeasureCellsGroup(Int32 cellsHead, Size referenceSize, Boolean ignoreDesiredSizeU, Boolean forceInfinityV, Boolean& hasDesiredSizeUChanged)
   at System.Windows.Controls.Grid.MeasureOverride(Size constraint)
   at System.Windows.FrameworkElement.MeasureCore(Size availableSize)
   at System.Windows.UIElement.Measure(Size availableSize)
   at MS.Internal.Helper.MeasureElementWithSingleChild(UIElement element, Size constraint)
   at System.Windows.FrameworkElement.MeasureCore(Size availableSize)
   at System.Windows.UIElement.Measure(Size availableSize)
   at System.Windows.Controls.Decorator.MeasureOverride(Size constraint)
   at System.Windows.Documents.AdornerDecorator.MeasureOverride(Size constraint)
   at System.Windows.FrameworkElement.MeasureCore(Size availableSize)
   at System.Windows.UIElement.Measure(Size availableSize)
   at System.Windows.Controls.Border.MeasureOverride(Size constraint)
   at System.Windows.FrameworkElement.MeasureCore(Size availableSize)
   at System.Windows.UIElement.Measure(Size availableSize)
   at System.Windows.Window.MeasureOverrideHelper(Size constraint)
   at System.Windows.Window.MeasureOverride(Size availableSize)
   at System.Windows.FrameworkElement.MeasureCore(Size availableSize)
   at System.Windows.UIElement.Measure(Size availableSize)
   at System.Windows.ContextLayoutManager.UpdateLayout()
   at System.Windows.ContextLayoutManager.UpdateLayoutCallback(Object arg)
   at System.Windows.Media.MediaContext.FireInvokeOnRenderCallbacks()
   at System.Windows.Media.MediaContext.RenderMessageHandlerCore(Object resizedCompositionTarget)
   at System.Windows.Media.MediaContext.RenderMessageHandler(Object resizedCompositionTarget)
   at System.Windows.Threading.ExceptionWrapper.InternalRealCall(Delegate callback, Object args, Int32 numArgs)
   at System.Windows.Threading.ExceptionWrapper.TryCatchWhen(Object source, Delegate callback, Object args, Int32 numArgs, Delegate catchHandler)
2026-02-04 13:27:41.919 - Dispatcher Exception: A 'Binding' cannot be set on the 'Value' property of type 'DataTrigger'. A 'Binding' can only be set on a DependencyProperty of a DependencyObject.
   at System.Windows.Markup.XamlReader.RewrapException(Exception e, IXamlLineInfo lineInfo, Uri baseUri)
   at System.Windows.Markup.XamlReader.RewrapException(Exception e, Uri baseUri)
   at System.Windows.FrameworkTemplate.LoadTemplateXaml(XamlReader templateReader, XamlObjectWriter currentWriter)
   at System.Windows.FrameworkTemplate.LoadOptimizedTemplateContent(DependencyObject container, IComponentConnector componentConnector, IStyleConnector styleConnector, List`1 affectedChildren, UncommonField`1 templatedNonFeChildrenField)
   at System.Windows.FrameworkTemplate.LoadContent(DependencyObject container, List`1 affectedChildren)
   at System.Windows.StyleHelper.ApplyTemplateContent(UncommonField`1 dataField, DependencyObject container, FrameworkElementFactory templateRoot, Int32 lastChildIndex, HybridDictionary childIndexFromChildID, FrameworkTemplate frameworkTemplate)
   at System.Windows.FrameworkTemplate.ApplyTemplateContent(UncommonField`1 templateDataField, FrameworkElement container)
   at System.Windows.FrameworkElement.ApplyTemplate()
   at System.Windows.FrameworkElement.MeasureCore(Size availableSize)
   at System.Windows.UIElement.Measure(Size availableSize)
   at System.Windows.Controls.Control.MeasureOverride(Size constraint)
   at System.Windows.FrameworkElement.MeasureCore(Size availableSize)
   at System.Windows.UIElement.Measure(Size availableSize)
   at System.Windows.Controls.Grid.MeasureCell(Int32 cell, Boolean forceInfinityV)
   at System.Windows.Controls.Grid.MeasureCellsGroup(Int32 cellsHead, Size referenceSize, Boolean ignoreDesiredSizeU, Boolean forceInfinityV, Boolean& hasDesiredSizeUChanged)
   at System.Windows.Controls.Grid.MeasureOverride(Size constraint)
   at System.Windows.FrameworkElement.MeasureCore(Size availableSize)
   at System.Windows.UIElement.Measure(Size availableSize)
   at System.Windows.Controls.Grid.MeasureCell(Int32 cell, Boolean forceInfinityV)
   at System.Windows.Controls.Grid.MeasureCellsGroup(Int32 cellsHead, Size referenceSize, Boolean ignoreDesiredSizeU, Boolean forceInfinityV, Boolean& hasDesiredSizeUChanged)
   at System.Windows.Controls.Grid.MeasureOverride(Size constraint)
   at System.Windows.FrameworkElement.MeasureCore(Size availableSize)
   at System.Windows.UIElement.Measure(Size availableSize)
   at MS.Internal.Helper.MeasureElementWithSingleChild(UIElement element, Size constraint)
   at System.Windows.FrameworkElement.MeasureCore(Size availableSize)
   at System.Windows.UIElement.Measure(Size availableSize)
   at System.Windows.Controls.Decorator.MeasureOverride(Size constraint)
   at System.Windows.Documents.AdornerDecorator.MeasureOverride(Size constraint)
   at System.Windows.FrameworkElement.MeasureCore(Size availableSize)
   at System.Windows.UIElement.Measure(Size availableSize)
   at System.Windows.Controls.Border.MeasureOverride(Size constraint)
   at System.Windows.FrameworkElement.MeasureCore(Size availableSize)
   at System.Windows.UIElement.Measure(Size availableSize)
   at System.Windows.Window.MeasureOverrideHelper(Size constraint)
   at System.Windows.Window.MeasureOverride(Size availableSize)
   at System.Windows.FrameworkElement.MeasureCore(Size availableSize)
   at System.Windows.UIElement.Measure(Size availableSize)
   at System.Windows.ContextLayoutManager.UpdateLayout()
   at System.Windows.ContextLayoutManager.UpdateLayoutCallback(Object arg)
   at System.Windows.Media.MediaContext.FireInvokeOnRenderCallbacks()
   at System.Windows.Media.MediaContext.RenderMessageHandlerCore(Object resizedCompositionTarget)
   at System.Windows.Media.MediaContext.RenderMessageHandler(Object resizedCompositionTarget)
   at System.Windows.Threading.ExceptionWrapper.InternalRealCall(Delegate callback, Object args, Int32 numArgs)
   at System.Windows.Threading.ExceptionWrapper.TryCatchWhen(Object source, Delegate callback, Object args, Int32 numArgs, Delegate catchHandler)
2026-02-04 13:27:41.978 - Dispatcher Exception: A 'Binding' cannot be set on the 'Value' property of type 'DataTrigger'. A 'Binding' can only be set on a DependencyProperty of a DependencyObject.
   at System.Windows.Markup.XamlReader.RewrapException(Exception e, IXamlLineInfo lineInfo, Uri baseUri)
   at System.Windows.Markup.XamlReader.RewrapException(Exception e, Uri baseUri)
   at System.Windows.FrameworkTemplate.LoadTemplateXaml(XamlReader templateReader, XamlObjectWriter currentWriter)
   at System.Windows.FrameworkTemplate.LoadOptimizedTemplateContent(DependencyObject container, IComponentConnector componentConnector, IStyleConnector styleConnector, List`1 affectedChildren, UncommonField`1 templatedNonFeChildrenField)
   at System.Windows.FrameworkTemplate.LoadContent(DependencyObject container, List`1 affectedChildren)
   at System.Windows.StyleHelper.ApplyTemplateContent(UncommonField`1 dataField, DependencyObject container, FrameworkElementFactory templateRoot, Int32 lastChildIndex, HybridDictionary childIndexFromChildID, FrameworkTemplate frameworkTemplate)
   at System.Windows.FrameworkTemplate.ApplyTemplateContent(UncommonField`1 templateDataField, FrameworkElement container)
   at System.Windows.FrameworkElement.ApplyTemplate()
   at System.Windows.FrameworkElement.MeasureCore(Size availableSize)
   at System.Windows.UIElement.Measure(Size availableSize)
   at System.Windows.Controls.Control.MeasureOverride(Size constraint)
   at System.Windows.FrameworkElement.MeasureCore(Size availableSize)
   at System.Windows.UIElement.Measure(Size availableSize)
   at System.Windows.Controls.Grid.MeasureCell(Int32 cell, Boolean forceInfinityV)
   at System.Windows.Controls.Grid.MeasureCellsGroup(Int32 cellsHead, Size referenceSize, Boolean ignoreDesiredSizeU, Boolean forceInfinityV, Boolean& hasDesiredSizeUChanged)
   at System.Windows.Controls.Grid.MeasureOverride(Size constraint)
   at System.Windows.FrameworkElement.MeasureCore(Size availableSize)
   at System.Windows.UIElement.Measure(Size availableSize)
   at System.Windows.Controls.Grid.MeasureCell(Int32 cell, Boolean forceInfinityV)
   at System.Windows.Controls.Grid.MeasureCellsGroup(Int32 cellsHead, Size referenceSize, Boolean ignoreDesiredSizeU, Boolean forceInfinityV, Boolean& hasDesiredSizeUChanged)
   at System.Windows.Controls.Grid.MeasureOverride(Size constraint)
   at System.Windows.FrameworkElement.MeasureCore(Size availableSize)
   at System.Windows.UIElement.Measure(Size availableSize)
   at MS.Internal.Helper.MeasureElementWithSingleChild(UIElement element, Size constraint)
   at System.Windows.FrameworkElement.MeasureCore(Size availableSize)
   at System.Windows.UIElement.Measure(Size availableSize)
   at System.Windows.Controls.Decorator.MeasureOverride(Size constraint)
   at System.Windows.Documents.AdornerDecorator.MeasureOverride(Size constraint)
   at System.Windows.FrameworkElement.MeasureCore(Size availableSize)
   at System.Windows.UIElement.Measure(Size availableSize)
   at System.Windows.Controls.Border.MeasureOverride(Size constraint)
   at System.Windows.FrameworkElement.MeasureCore(Size availableSize)
   at System.Windows.UIElement.Measure(Size availableSize)
   at System.Windows.Window.MeasureOverrideHelper(Size constraint)
   at System.Windows.Window.MeasureOverride(Size availableSize)
   at System.Windows.FrameworkElement.MeasureCore(Size availableSize)
   at System.Windows.UIElement.Measure(Size availableSize)
   at System.Windows.ContextLayoutManager.UpdateLayout()
   at System.Windows.ContextLayoutManager.UpdateLayoutCallback(Object arg)
   at System.Windows.Media.MediaContext.FireInvokeOnRenderCallbacks()
   at System.Windows.Media.MediaContext.RenderMessageHandlerCore(Object resizedCompositionTarget)
   at System.Windows.Media.MediaContext.RenderMessageHandler(Object resizedCompositionTarget)
   at System.Windows.Threading.ExceptionWrapper.InternalRealCall(Delegate callback, Object args, Int32 numArgs)
   at System.Windows.Threading.ExceptionWrapper.TryCatchWhen(Object source, Delegate callback, Object args, Int32 numArgs, Delegate catchHandler)
2026-02-04 13:31:35.707 - Login result: True
2026-02-04 13:31:37.518 - Dispatcher Exception: A 'Binding' cannot be set on the 'Value' property of type 'DataTrigger'. A 'Binding' can only be set on a DependencyProperty of a DependencyObject.
   at System.Windows.Markup.XamlReader.RewrapException(Exception e, IXamlLineInfo lineInfo, Uri baseUri)
   at System.Windows.Markup.XamlReader.RewrapException(Exception e, Uri baseUri)
   at System.Windows.FrameworkTemplate.LoadTemplateXaml(XamlReader templateReader, XamlObjectWriter currentWriter)
   at System.Windows.FrameworkTemplate.LoadOptimizedTemplateContent(DependencyObject container, IComponentConnector componentConnector, IStyleConnector styleConnector, List`1 affectedChildren, UncommonField`1 templatedNonFeChildrenField)
   at System.Windows.FrameworkTemplate.LoadContent(DependencyObject container, List`1 affectedChildren)
   at System.Windows.StyleHelper.ApplyTemplateContent(UncommonField`1 dataField, DependencyObject container, FrameworkElementFactory templateRoot, Int32 lastChildIndex, HybridDictionary childIndexFromChildID, FrameworkTemplate frameworkTemplate)
   at System.Windows.FrameworkTemplate.ApplyTemplateContent(UncommonField`1 templateDataField, FrameworkElement container)
   at System.Windows.FrameworkElement.ApplyTemplate()
   at System.Windows.FrameworkElement.MeasureCore(Size availableSize)
   at System.Windows.UIElement.Measure(Size availableSize)
   at System.Windows.ContextLayoutManager.UpdateLayout()
   at System.Windows.ContextLayoutManager.UpdateLayoutCallback(Object arg)
   at System.Windows.Media.MediaContext.FireInvokeOnRenderCallbacks()
   at System.Windows.Media.MediaContext.RenderMessageHandlerCore(Object resizedCompositionTarget)
   at System.Windows.Media.MediaContext.RenderMessageHandler(Object resizedCompositionTarget)
   at System.Windows.Threading.ExceptionWrapper.InternalRealCall(Delegate callback, Object args, Int32 numArgs)
   at System.Windows.Threading.ExceptionWrapper.TryCatchWhen(Object source, Delegate callback, Object args, Int32 numArgs, Delegate catchHandler)
2026-02-04 13:31:37.551 - Dispatcher Exception: A 'Binding' cannot be set on the 'Value' property of type 'DataTrigger'. A 'Binding' can only be set on a DependencyProperty of a DependencyObject.
   at System.Windows.Markup.XamlReader.RewrapException(Exception e, IXamlLineInfo lineInfo, Uri baseUri)
   at System.Windows.Markup.XamlReader.RewrapException(Exception e, Uri baseUri)
   at System.Windows.FrameworkTemplate.LoadTemplateXaml(XamlReader templateReader, XamlObjectWriter currentWriter)
   at System.Windows.FrameworkTemplate.LoadOptimizedTemplateContent(DependencyObject container, IComponentConnector componentConnector, IStyleConnector styleConnector, List`1 affectedChildren, UncommonField`1 templatedNonFeChildrenField)
   at System.Windows.FrameworkTemplate.LoadContent(DependencyObject container, List`1 affectedChildren)
   at System.Windows.StyleHelper.ApplyTemplateContent(UncommonField`1 dataField, DependencyObject container, FrameworkElementFactory templateRoot, Int32 lastChildIndex, HybridDictionary childIndexFromChildID, FrameworkTemplate frameworkTemplate)
   at System.Windows.FrameworkTemplate.ApplyTemplateContent(UncommonField`1 templateDataField, FrameworkElement container)
   at System.Windows.FrameworkElement.ApplyTemplate()
   at System.Windows.FrameworkElement.MeasureCore(Size availableSize)
   at System.Windows.UIElement.Measure(Size availableSize)
   at System.Windows.Controls.Control.MeasureOverride(Size constraint)
   at System.Windows.FrameworkElement.MeasureCore(Size availableSize)
   at System.Windows.UIElement.Measure(Size availableSize)
   at System.Windows.Controls.Grid.MeasureCell(Int32 cell, Boolean forceInfinityV)
   at System.Windows.Controls.Grid.MeasureCellsGroup(Int32 cellsHead, Size referenceSize, Boolean ignoreDesiredSizeU, Boolean forceInfinityV, Boolean& hasDesiredSizeUChanged)
   at System.Windows.Controls.Grid.MeasureOverride(Size constraint)
   at System.Windows.FrameworkElement.MeasureCore(Size availableSize)
   at System.Windows.UIElement.Measure(Size availableSize)
   at System.Windows.Controls.Grid.MeasureCell(Int32 cell, Boolean forceInfinityV)
   at System.Windows.Controls.Grid.MeasureCellsGroup(Int32 cellsHead, Size referenceSize, Boolean ignoreDesiredSizeU, Boolean forceInfinityV, Boolean& hasDesiredSizeUChanged)
   at System.Windows.Controls.Grid.MeasureOverride(Size constraint)
   at System.Windows.FrameworkElement.MeasureCore(Size availableSize)
   at System.Windows.UIElement.Measure(Size availableSize)
   at MS.Internal.Helper.MeasureElementWithSingleChild(UIElement element, Size constraint)
   at System.Windows.FrameworkElement.MeasureCore(Size availableSize)
   at System.Windows.UIElement.Measure(Size availableSize)
   at System.Windows.Controls.Decorator.MeasureOverride(Size constraint)
   at System.Windows.Documents.AdornerDecorator.MeasureOverride(Size constraint)
   at System.Windows.FrameworkElement.MeasureCore(Size availableSize)
   at System.Windows.UIElement.Measure(Size availableSize)
   at System.Windows.Controls.Border.MeasureOverride(Size constraint)
   at System.Windows.FrameworkElement.MeasureCore(Size availableSize)
   at System.Windows.UIElement.Measure(Size availableSize)
   at System.Windows.Window.MeasureOverrideHelper(Size constraint)
   at System.Windows.Window.MeasureOverride(Size availableSize)
   at System.Windows.FrameworkElement.MeasureCore(Size availableSize)
   at System.Windows.UIElement.Measure(Size availableSize)
   at System.Windows.ContextLayoutManager.UpdateLayout()
   at System.Windows.ContextLayoutManager.UpdateLayoutCallback(Object arg)
   at System.Windows.Media.MediaContext.FireInvokeOnRenderCallbacks()
   at System.Windows.Media.MediaContext.RenderMessageHandlerCore(Object resizedCompositionTarget)
   at System.Windows.Media.MediaContext.RenderMessageHandler(Object resizedCompositionTarget)
   at System.Windows.Threading.ExceptionWrapper.InternalRealCall(Delegate callback, Object args, Int32 numArgs)
   at System.Windows.Threading.ExceptionWrapper.TryCatchWhen(Object source, Delegate callback, Object args, Int32 numArgs, Delegate catchHandler)
2026-02-04 13:31:37.598 - Dispatcher Exception: A 'Binding' cannot be set on the 'Value' property of type 'DataTrigger'. A 'Binding' can only be set on a DependencyProperty of a DependencyObject.
   at System.Windows.Markup.XamlReader.RewrapException(Exception e, IXamlLineInfo lineInfo, Uri baseUri)
   at System.Windows.Markup.XamlReader.RewrapException(Exception e, Uri baseUri)
   at System.Windows.FrameworkTemplate.LoadTemplateXaml(XamlReader templateReader, XamlObjectWriter currentWriter)
   at System.Windows.FrameworkTemplate.LoadOptimizedTemplateContent(DependencyObject container, IComponentConnector componentConnector, IStyleConnector styleConnector, List`1 affectedChildren, UncommonField`1 templatedNonFeChildrenField)
   at System.Windows.FrameworkTemplate.LoadContent(DependencyObject container, List`1 affectedChildren)
   at System.Windows.StyleHelper.ApplyTemplateContent(UncommonField`1 dataField, DependencyObject container, FrameworkElementFactory templateRoot, Int32 lastChildIndex, HybridDictionary childIndexFromChildID, FrameworkTemplate frameworkTemplate)
   at System.Windows.FrameworkTemplate.ApplyTemplateContent(UncommonField`1 templateDataField, FrameworkElement container)
   at System.Windows.FrameworkElement.ApplyTemplate()
   at System.Windows.FrameworkElement.MeasureCore(Size availableSize)
   at System.Windows.UIElement.Measure(Size availableSize)
   at System.Windows.Controls.Control.MeasureOverride(Size constraint)
   at System.Windows.FrameworkElement.MeasureCore(Size availableSize)
   at System.Windows.UIElement.Measure(Size availableSize)
   at System.Windows.Controls.Grid.MeasureCell(Int32 cell, Boolean forceInfinityV)
   at System.Windows.Controls.Grid.MeasureCellsGroup(Int32 cellsHead, Size referenceSize, Boolean ignoreDesiredSizeU, Boolean forceInfinityV, Boolean& hasDesiredSizeUChanged)
   at System.Windows.Controls.Grid.MeasureOverride(Size constraint)
   at System.Windows.FrameworkElement.MeasureCore(Size availableSize)
   at System.Windows.UIElement.Measure(Size availableSize)
   at System.Windows.Controls.Grid.MeasureCell(Int32 cell, Boolean forceInfinityV)
   at System.Windows.Controls.Grid.MeasureCellsGroup(Int32 cellsHead, Size referenceSize, Boolean ignoreDesiredSizeU, Boolean forceInfinityV, Boolean& hasDesiredSizeUChanged)
   at System.Windows.Controls.Grid.MeasureOverride(Size constraint)
   at System.Windows.FrameworkElement.MeasureCore(Size availableSize)
   at System.Windows.UIElement.Measure(Size availableSize)
   at MS.Internal.Helper.MeasureElementWithSingleChild(UIElement element, Size constraint)
   at System.Windows.FrameworkElement.MeasureCore(Size availableSize)
   at System.Windows.UIElement.Measure(Size availableSize)
   at System.Windows.Controls.Decorator.MeasureOverride(Size constraint)
   at System.Windows.Documents.AdornerDecorator.MeasureOverride(Size constraint)
   at System.Windows.FrameworkElement.MeasureCore(Size availableSize)
   at System.Windows.UIElement.Measure(Size availableSize)
   at System.Windows.Controls.Border.MeasureOverride(Size constraint)
   at System.Windows.FrameworkElement.MeasureCore(Size availableSize)
   at System.Windows.UIElement.Measure(Size availableSize)
   at System.Windows.Window.MeasureOverrideHelper(Size constraint)
   at System.Windows.Window.MeasureOverride(Size availableSize)
   at System.Windows.FrameworkElement.MeasureCore(Size availableSize)
   at System.Windows.UIElement.Measure(Size availableSize)
   at System.Windows.ContextLayoutManager.UpdateLayout()
   at System.Windows.ContextLayoutManager.UpdateLayoutCallback(Object arg)
   at System.Windows.Media.MediaContext.FireInvokeOnRenderCallbacks()
   at System.Windows.Media.MediaContext.RenderMessageHandlerCore(Object resizedCompositionTarget)
   at System.Windows.Media.MediaContext.RenderMessageHandler(Object resizedCompositionTarget)
   at System.Windows.Threading.ExceptionWrapper.InternalRealCall(Delegate callback, Object args, Int32 numArgs)
   at System.Windows.Threading.ExceptionWrapper.TryCatchWhen(Object source, Delegate callback, Object args, Int32 numArgs, Delegate catchHandler)
2026-02-04 13:31:37.650 - Dispatcher Exception: A 'Binding' cannot be set on the 'Value' property of type 'DataTrigger'. A 'Binding' can only be set on a DependencyProperty of a DependencyObject.
   at System.Windows.Markup.XamlReader.RewrapException(Exception e, IXamlLineInfo lineInfo, Uri baseUri)
   at System.Windows.Markup.XamlReader.RewrapException(Exception e, Uri baseUri)
   at System.Windows.FrameworkTemplate.LoadTemplateXaml(XamlReader templateReader, XamlObjectWriter currentWriter)
   at System.Windows.FrameworkTemplate.LoadOptimizedTemplateContent(DependencyObject container, IComponentConnector componentConnector, IStyleConnector styleConnector, List`1 affectedChildren, UncommonField`1 templatedNonFeChildrenField)
   at System.Windows.FrameworkTemplate.LoadContent(DependencyObject container, List`1 affectedChildren)
   at System.Windows.StyleHelper.ApplyTemplateContent(UncommonField`1 dataField, DependencyObject container, FrameworkElementFactory templateRoot, Int32 lastChildIndex, HybridDictionary childIndexFromChildID, FrameworkTemplate frameworkTemplate)
   at System.Windows.FrameworkTemplate.ApplyTemplateContent(UncommonField`1 templateDataField, FrameworkElement container)
   at System.Windows.FrameworkElement.ApplyTemplate()
   at System.Windows.FrameworkElement.MeasureCore(Size availableSize)
   at System.Windows.UIElement.Measure(Size availableSize)
   at System.Windows.Controls.Control.MeasureOverride(Size constraint)
   at System.Windows.FrameworkElement.MeasureCore(Size availableSize)
   at System.Windows.UIElement.Measure(Size availableSize)
   at System.Windows.Controls.Grid.MeasureCell(Int32 cell, Boolean forceInfinityV)
   at System.Windows.Controls.Grid.MeasureCellsGroup(Int32 cellsHead, Size referenceSize, Boolean ignoreDesiredSizeU, Boolean forceInfinityV, Boolean& hasDesiredSizeUChanged)
   at System.Windows.Controls.Grid.MeasureOverride(Size constraint)
   at System.Windows.FrameworkElement.MeasureCore(Size availableSize)
   at System.Windows.UIElement.Measure(Size availableSize)
   at System.Windows.Controls.Grid.MeasureCell(Int32 cell, Boolean forceInfinityV)
   at System.Windows.Controls.Grid.MeasureCellsGroup(Int32 cellsHead, Size referenceSize, Boolean ignoreDesiredSizeU, Boolean forceInfinityV, Boolean& hasDesiredSizeUChanged)
   at System.Windows.Controls.Grid.MeasureOverride(Size constraint)
   at System.Windows.FrameworkElement.MeasureCore(Size availableSize)
   at System.Windows.UIElement.Measure(Size availableSize)
   at MS.Internal.Helper.MeasureElementWithSingleChild(UIElement element, Size constraint)
   at System.Windows.FrameworkElement.MeasureCore(Size availableSize)
   at System.Windows.UIElement.Measure(Size availableSize)
   at System.Windows.Controls.Decorator.MeasureOverride(Size constraint)
   at System.Windows.Documents.AdornerDecorator.MeasureOverride(Size constraint)
   at System.Windows.FrameworkElement.MeasureCore(Size availableSize)
   at System.Windows.UIElement.Measure(Size availableSize)
   at System.Windows.Controls.Border.MeasureOverride(Size constraint)
   at System.Windows.FrameworkElement.MeasureCore(Size availableSize)
   at System.Windows.UIElement.Measure(Size availableSize)
   at System.Windows.Window.MeasureOverrideHelper(Size constraint)
   at System.Windows.Window.MeasureOverride(Size availableSize)
   at System.Windows.FrameworkElement.MeasureCore(Size availableSize)
   at System.Windows.UIElement.Measure(Size availableSize)
   at System.Windows.ContextLayoutManager.UpdateLayout()
   at System.Windows.ContextLayoutManager.UpdateLayoutCallback(Object arg)
   at System.Windows.Media.MediaContext.FireInvokeOnRenderCallbacks()
   at System.Windows.Media.MediaContext.RenderMessageHandlerCore(Object resizedCompositionTarget)
   at System.Windows.Media.MediaContext.RenderMessageHandler(Object resizedCompositionTarget)
   at System.Windows.Threading.ExceptionWrapper.InternalRealCall(Delegate callback, Object args, Int32 numArgs)
   at System.Windows.Threading.ExceptionWrapper.TryCatchWhen(Object source, Delegate callback, Object args, Int32 numArgs, Delegate catchHandler)
2026-02-04 13:31:37.681 - Dispatcher Exception: A 'Binding' cannot be set on the 'Value' property of type 'DataTrigger'. A 'Binding' can only be set on a DependencyProperty of a DependencyObject.
   at System.Windows.Markup.XamlReader.RewrapException(Exception e, IXamlLineInfo lineInfo, Uri baseUri)
   at System.Windows.Markup.XamlReader.RewrapException(Exception e, Uri baseUri)
   at System.Windows.FrameworkTemplate.LoadTemplateXaml(XamlReader templateReader, XamlObjectWriter currentWriter)
   at System.Windows.FrameworkTemplate.LoadOptimizedTemplateContent(DependencyObject container, IComponentConnector componentConnector, IStyleConnector styleConnector, List`1 affectedChildren, UncommonField`1 templatedNonFeChildrenField)
   at System.Windows.FrameworkTemplate.LoadContent(DependencyObject container, List`1 affectedChildren)
   at System.Windows.StyleHelper.ApplyTemplateContent(UncommonField`1 dataField, DependencyObject container, FrameworkElementFactory templateRoot, Int32 lastChildIndex, HybridDictionary childIndexFromChildID, FrameworkTemplate frameworkTemplate)
   at System.Windows.FrameworkTemplate.ApplyTemplateContent(UncommonField`1 templateDataField, FrameworkElement container)
   at System.Windows.FrameworkElement.ApplyTemplate()
   at System.Windows.FrameworkElement.MeasureCore(Size availableSize)
   at System.Windows.UIElement.Measure(Size availableSize)
   at System.Windows.Controls.Control.MeasureOverride(Size constraint)
   at System.Windows.FrameworkElement.MeasureCore(Size availableSize)
   at System.Windows.UIElement.Measure(Size availableSize)
   at System.Windows.Controls.Grid.MeasureCell(Int32 cell, Boolean forceInfinityV)
   at System.Windows.Controls.Grid.MeasureCellsGroup(Int32 cellsHead, Size referenceSize, Boolean ignoreDesiredSizeU, Boolean forceInfinityV, Boolean& hasDesiredSizeUChanged)
   at System.Windows.Controls.Grid.MeasureOverride(Size constraint)
   at System.Windows.FrameworkElement.MeasureCore(Size availableSize)
   at System.Windows.UIElement.Measure(Size availableSize)
   at System.Windows.Controls.Grid.MeasureCell(Int32 cell, Boolean forceInfinityV)
   at System.Windows.Controls.Grid.MeasureCellsGroup(Int32 cellsHead, Size referenceSize, Boolean ignoreDesiredSizeU, Boolean forceInfinityV, Boolean& hasDesiredSizeUChanged)
   at System.Windows.Controls.Grid.MeasureOverride(Size constraint)
   at System.Windows.FrameworkElement.MeasureCore(Size availableSize)
   at System.Windows.UIElement.Measure(Size availableSize)
   at MS.Internal.Helper.MeasureElementWithSingleChild(UIElement element, Size constraint)
   at System.Windows.FrameworkElement.MeasureCore(Size availableSize)
   at System.Windows.UIElement.Measure(Size availableSize)
   at System.Windows.Controls.Decorator.MeasureOverride(Size constraint)
   at System.Windows.Documents.AdornerDecorator.MeasureOverride(Size constraint)
   at System.Windows.FrameworkElement.MeasureCore(Size availableSize)
   at System.Windows.UIElement.Measure(Size availableSize)
   at System.Windows.Controls.Border.MeasureOverride(Size constraint)
   at System.Windows.FrameworkElement.MeasureCore(Size availableSize)
   at System.Windows.UIElement.Measure(Size availableSize)
   at System.Windows.Window.MeasureOverrideHelper(Size constraint)
   at System.Windows.Window.MeasureOverride(Size availableSize)
   at System.Windows.FrameworkElement.MeasureCore(Size availableSize)
   at System.Windows.UIElement.Measure(Size availableSize)
   at System.Windows.ContextLayoutManager.UpdateLayout()
   at System.Windows.ContextLayoutManager.UpdateLayoutCallback(Object arg)
   at System.Windows.Media.MediaContext.FireInvokeOnRenderCallbacks()
   at System.Windows.Media.MediaContext.RenderMessageHandlerCore(Object resizedCompositionTarget)
   at System.Windows.Media.MediaContext.RenderMessageHandler(Object resizedCompositionTarget)
   at System.Windows.Threading.ExceptionWrapper.InternalRealCall(Delegate callback, Object args, Int32 numArgs)
   at System.Windows.Threading.ExceptionWrapper.TryCatchWhen(Object source, Delegate callback, Object args, Int32 numArgs, Delegate catchHandler)
2026-02-04 13:31:37.712 - Dispatcher Exception: A 'Binding' cannot be set on the 'Value' property of type 'DataTrigger'. A 'Binding' can only be set on a DependencyProperty of a DependencyObject.
   at System.Windows.Markup.XamlReader.RewrapException(Exception e, IXamlLineInfo lineInfo, Uri baseUri)
   at System.Windows.Markup.XamlReader.RewrapException(Exception e, Uri baseUri)
   at System.Windows.FrameworkTemplate.LoadTemplateXaml(XamlReader templateReader, XamlObjectWriter currentWriter)
   at System.Windows.FrameworkTemplate.LoadOptimizedTemplateContent(DependencyObject container, IComponentConnector componentConnector, IStyleConnector styleConnector, List`1 affectedChildren, UncommonField`1 templatedNonFeChildrenField)
   at System.Windows.FrameworkTemplate.LoadContent(DependencyObject container, List`1 affectedChildren)
   at System.Windows.StyleHelper.ApplyTemplateContent(UncommonField`1 dataField, DependencyObject container, FrameworkElementFactory templateRoot, Int32 lastChildIndex, HybridDictionary childIndexFromChildID, FrameworkTemplate frameworkTemplate)
   at System.Windows.FrameworkTemplate.ApplyTemplateContent(UncommonField`1 templateDataField, FrameworkElement container)
   at System.Windows.FrameworkElement.ApplyTemplate()
   at System.Windows.FrameworkElement.MeasureCore(Size availableSize)
   at System.Windows.UIElement.Measure(Size availableSize)
   at System.Windows.Controls.Control.MeasureOverride(Size constraint)
   at System.Windows.FrameworkElement.MeasureCore(Size availableSize)
   at System.Windows.UIElement.Measure(Size availableSize)
   at System.Windows.Controls.Grid.MeasureCell(Int32 cell, Boolean forceInfinityV)
   at System.Windows.Controls.Grid.MeasureCellsGroup(Int32 cellsHead, Size referenceSize, Boolean ignoreDesiredSizeU, Boolean forceInfinityV, Boolean& hasDesiredSizeUChanged)
   at System.Windows.Controls.Grid.MeasureOverride(Size constraint)
   at System.Windows.FrameworkElement.MeasureCore(Size availableSize)
   at System.Windows.UIElement.Measure(Size availableSize)
   at System.Windows.Controls.Grid.MeasureCell(Int32 cell, Boolean forceInfinityV)
   at System.Windows.Controls.Grid.MeasureCellsGroup(Int32 cellsHead, Size referenceSize, Boolean ignoreDesiredSizeU, Boolean forceInfinityV, Boolean& hasDesiredSizeUChanged)
   at System.Windows.Controls.Grid.MeasureOverride(Size constraint)
   at System.Windows.FrameworkElement.MeasureCore(Size availableSize)
   at System.Windows.UIElement.Measure(Size availableSize)
   at MS.Internal.Helper.MeasureElementWithSingleChild(UIElement element, Size constraint)
   at System.Windows.FrameworkElement.MeasureCore(Size availableSize)
   at System.Windows.UIElement.Measure(Size availableSize)
   at System.Windows.Controls.Decorator.MeasureOverride(Size constraint)
   at System.Windows.Documents.AdornerDecorator.MeasureOverride(Size constraint)
   at System.Windows.FrameworkElement.MeasureCore(Size availableSize)
   at System.Windows.UIElement.Measure(Size availableSize)
   at System.Windows.Controls.Border.MeasureOverride(Size constraint)
   at System.Windows.FrameworkElement.MeasureCore(Size availableSize)
   at System.Windows.UIElement.Measure(Size availableSize)
   at System.Windows.Window.MeasureOverrideHelper(Size constraint)
   at System.Windows.Window.MeasureOverride(Size availableSize)
   at System.Windows.FrameworkElement.MeasureCore(Size availableSize)
   at System.Windows.UIElement.Measure(Size availableSize)
   at System.Windows.ContextLayoutManager.UpdateLayout()
   at System.Windows.ContextLayoutManager.UpdateLayoutCallback(Object arg)
   at System.Windows.Media.MediaContext.FireInvokeOnRenderCallbacks()
   at System.Windows.Media.MediaContext.RenderMessageHandlerCore(Object resizedCompositionTarget)
   at System.Windows.Media.MediaContext.RenderMessageHandler(Object resizedCompositionTarget)
   at System.Windows.Threading.ExceptionWrapper.InternalRealCall(Delegate callback, Object args, Int32 numArgs)
   at System.Windows.Threading.ExceptionWrapper.TryCatchWhen(Object source, Delegate callback, Object args, Int32 numArgs, Delegate catchHandler)
2026-02-04 13:31:37.742 - Dispatcher Exception: A 'Binding' cannot be set on the 'Value' property of type 'DataTrigger'. A 'Binding' can only be set on a DependencyProperty of a DependencyObject.
   at System.Windows.Markup.XamlReader.RewrapException(Exception e, IXamlLineInfo lineInfo, Uri baseUri)
   at System.Windows.Markup.XamlReader.RewrapException(Exception e, Uri baseUri)
   at System.Windows.FrameworkTemplate.LoadTemplateXaml(XamlReader templateReader, XamlObjectWriter currentWriter)
   at System.Windows.FrameworkTemplate.LoadOptimizedTemplateContent(DependencyObject container, IComponentConnector componentConnector, IStyleConnector styleConnector, List`1 affectedChildren, UncommonField`1 templatedNonFeChildrenField)
   at System.Windows.FrameworkTemplate.LoadContent(DependencyObject container, List`1 affectedChildren)
   at System.Windows.StyleHelper.ApplyTemplateContent(UncommonField`1 dataField, DependencyObject container, FrameworkElementFactory templateRoot, Int32 lastChildIndex, HybridDictionary childIndexFromChildID, FrameworkTemplate frameworkTemplate)
   at System.Windows.FrameworkTemplate.ApplyTemplateContent(UncommonField`1 templateDataField, FrameworkElement container)
   at System.Windows.FrameworkElement.ApplyTemplate()
   at System.Windows.FrameworkElement.MeasureCore(Size availableSize)
   at System.Windows.UIElement.Measure(Size availableSize)
   at System.Windows.Controls.Control.MeasureOverride(Size constraint)
   at System.Windows.FrameworkElement.MeasureCore(Size availableSize)
   at System.Windows.UIElement.Measure(Size availableSize)
   at System.Windows.Controls.Grid.MeasureCell(Int32 cell, Boolean forceInfinityV)
   at System.Windows.Controls.Grid.MeasureCellsGroup(Int32 cellsHead, Size referenceSize, Boolean ignoreDesiredSizeU, Boolean forceInfinityV, Boolean& hasDesiredSizeUChanged)
   at System.Windows.Controls.Grid.MeasureOverride(Size constraint)
   at System.Windows.FrameworkElement.MeasureCore(Size availableSize)
   at System.Windows.UIElement.Measure(Size availableSize)
   at System.Windows.Controls.Grid.MeasureCell(Int32 cell, Boolean forceInfinityV)
   at System.Windows.Controls.Grid.MeasureCellsGroup(Int32 cellsHead, Size referenceSize, Boolean ignoreDesiredSizeU, Boolean forceInfinityV, Boolean& hasDesiredSizeUChanged)
   at System.Windows.Controls.Grid.MeasureOverride(Size constraint)
   at System.Windows.FrameworkElement.MeasureCore(Size availableSize)
   at System.Windows.UIElement.Measure(Size availableSize)
   at MS.Internal.Helper.MeasureElementWithSingleChild(UIElement element, Size constraint)
   at System.Windows.FrameworkElement.MeasureCore(Size availableSize)
   at System.Windows.UIElement.Measure(Size availableSize)
   at System.Windows.Controls.Decorator.MeasureOverride(Size constraint)
   at System.Windows.Documents.AdornerDecorator.MeasureOverride(Size constraint)
   at System.Windows.FrameworkElement.MeasureCore(Size availableSize)
   at System.Windows.UIElement.Measure(Size availableSize)
   at System.Windows.Controls.Border.MeasureOverride(Size constraint)
   at System.Windows.FrameworkElement.MeasureCore(Size availableSize)
   at System.Windows.UIElement.Measure(Size availableSize)
   at System.Windows.Window.MeasureOverrideHelper(Size constraint)
   at System.Windows.Window.MeasureOverride(Size availableSize)
   at System.Windows.FrameworkElement.MeasureCore(Size availableSize)
   at System.Windows.UIElement.Measure(Size availableSize)
   at System.Windows.ContextLayoutManager.UpdateLayout()
   at System.Windows.ContextLayoutManager.UpdateLayoutCallback(Object arg)
   at System.Windows.Media.MediaContext.FireInvokeOnRenderCallbacks()
   at System.Windows.Media.MediaContext.RenderMessageHandlerCore(Object resizedCompositionTarget)
   at System.Windows.Media.MediaContext.RenderMessageHandler(Object resizedCompositionTarget)
   at System.Windows.Threading.ExceptionWrapper.InternalRealCall(Delegate callback, Object args, Int32 numArgs)
   at System.Windows.Threading.ExceptionWrapper.TryCatchWhen(Object source, Delegate callback, Object args, Int32 numArgs, Delegate catchHandler)
2026-02-04 13:31:37.773 - Dispatcher Exception: A 'Binding' cannot be set on the 'Value' property of type 'DataTrigger'. A 'Binding' can only be set on a DependencyProperty of a DependencyObject.
   at System.Windows.Markup.XamlReader.RewrapException(Exception e, IXamlLineInfo lineInfo, Uri baseUri)
   at System.Windows.Markup.XamlReader.RewrapException(Exception e, Uri baseUri)
   at System.Windows.FrameworkTemplate.LoadTemplateXaml(XamlReader templateReader, XamlObjectWriter currentWriter)
   at System.Windows.FrameworkTemplate.LoadOptimizedTemplateContent(DependencyObject container, IComponentConnector componentConnector, IStyleConnector styleConnector, List`1 affectedChildren, UncommonField`1 templatedNonFeChildrenField)
   at System.Windows.FrameworkTemplate.LoadContent(DependencyObject container, List`1 affectedChildren)
   at System.Windows.StyleHelper.ApplyTemplateContent(UncommonField`1 dataField, DependencyObject container, FrameworkElementFactory templateRoot, Int32 lastChildIndex, HybridDictionary childIndexFromChildID, FrameworkTemplate frameworkTemplate)
   at System.Windows.FrameworkTemplate.ApplyTemplateContent(UncommonField`1 templateDataField, FrameworkElement container)
   at System.Windows.FrameworkElement.ApplyTemplate()
   at System.Windows.FrameworkElement.MeasureCore(Size availableSize)
   at System.Windows.UIElement.Measure(Size availableSize)
   at System.Windows.Controls.Control.MeasureOverride(Size constraint)
   at System.Windows.FrameworkElement.MeasureCore(Size availableSize)
   at System.Windows.UIElement.Measure(Size availableSize)
   at System.Windows.Controls.Grid.MeasureCell(Int32 cell, Boolean forceInfinityV)
   at System.Windows.Controls.Grid.MeasureCellsGroup(Int32 cellsHead, Size referenceSize, Boolean ignoreDesiredSizeU, Boolean forceInfinityV, Boolean& hasDesiredSizeUChanged)
   at System.Windows.Controls.Grid.MeasureOverride(Size constraint)
   at System.Windows.FrameworkElement.MeasureCore(Size availableSize)
   at System.Windows.UIElement.Measure(Size availableSize)
   at System.Windows.Controls.Grid.MeasureCell(Int32 cell, Boolean forceInfinityV)
   at System.Windows.Controls.Grid.MeasureCellsGroup(Int32 cellsHead, Size referenceSize, Boolean ignoreDesiredSizeU, Boolean forceInfinityV, Boolean& hasDesiredSizeUChanged)
   at System.Windows.Controls.Grid.MeasureOverride(Size constraint)
   at System.Windows.FrameworkElement.MeasureCore(Size availableSize)
   at System.Windows.UIElement.Measure(Size availableSize)
   at MS.Internal.Helper.MeasureElementWithSingleChild(UIElement element, Size constraint)
   at System.Windows.FrameworkElement.MeasureCore(Size availableSize)
   at System.Windows.UIElement.Measure(Size availableSize)
   at System.Windows.Controls.Decorator.MeasureOverride(Size constraint)
   at System.Windows.Documents.AdornerDecorator.MeasureOverride(Size constraint)
   at System.Windows.FrameworkElement.MeasureCore(Size availableSize)
   at System.Windows.UIElement.Measure(Size availableSize)
   at System.Windows.Controls.Border.MeasureOverride(Size constraint)
   at System.Windows.FrameworkElement.MeasureCore(Size availableSize)
   at System.Windows.UIElement.Measure(Size availableSize)
   at System.Windows.Window.MeasureOverrideHelper(Size constraint)
   at System.Windows.Window.MeasureOverride(Size availableSize)
   at System.Windows.FrameworkElement.MeasureCore(Size availableSize)
   at System.Windows.UIElement.Measure(Size availableSize)
   at System.Windows.ContextLayoutManager.UpdateLayout()
   at System.Windows.ContextLayoutManager.UpdateLayoutCallback(Object arg)
   at System.Windows.Media.MediaContext.FireInvokeOnRenderCallbacks()
   at System.Windows.Media.MediaContext.RenderMessageHandlerCore(Object resizedCompositionTarget)
   at System.Windows.Media.MediaContext.RenderMessageHandler(Object resizedCompositionTarget)
   at System.Windows.Threading.ExceptionWrapper.InternalRealCall(Delegate callback, Object args, Int32 numArgs)
   at System.Windows.Threading.ExceptionWrapper.TryCatchWhen(Object source, Delegate callback, Object args, Int32 numArgs, Delegate catchHandler)
2026-02-04 13:31:37.804 - Dispatcher Exception: A 'Binding' cannot be set on the 'Value' property of type 'DataTrigger'. A 'Binding' can only be set on a DependencyProperty of a DependencyObject.
   at System.Windows.Markup.XamlReader.RewrapException(Exception e, IXamlLineInfo lineInfo, Uri baseUri)
   at System.Windows.Markup.XamlReader.RewrapException(Exception e, Uri baseUri)
   at System.Windows.FrameworkTemplate.LoadTemplateXaml(XamlReader templateReader, XamlObjectWriter currentWriter)
   at System.Windows.FrameworkTemplate.LoadOptimizedTemplateContent(DependencyObject container, IComponentConnector componentConnector, IStyleConnector styleConnector, List`1 affectedChildren, UncommonField`1 templatedNonFeChildrenField)
   at System.Windows.FrameworkTemplate.LoadContent(DependencyObject container, List`1 affectedChildren)
   at System.Windows.StyleHelper.ApplyTemplateContent(UncommonField`1 dataField, DependencyObject container, FrameworkElementFactory templateRoot, Int32 lastChildIndex, HybridDictionary childIndexFromChildID, FrameworkTemplate frameworkTemplate)
   at System.Windows.FrameworkTemplate.ApplyTemplateContent(UncommonField`1 templateDataField, FrameworkElement container)
   at System.Windows.FrameworkElement.ApplyTemplate()
   at System.Windows.FrameworkElement.MeasureCore(Size availableSize)
   at System.Windows.UIElement.Measure(Size availableSize)
   at System.Windows.Controls.Control.MeasureOverride(Size constraint)
   at System.Windows.FrameworkElement.MeasureCore(Size availableSize)
   at System.Windows.UIElement.Measure(Size availableSize)
   at System.Windows.Controls.Grid.MeasureCell(Int32 cell, Boolean forceInfinityV)
   at System.Windows.Controls.Grid.MeasureCellsGroup(Int32 cellsHead, Size referenceSize, Boolean ignoreDesiredSizeU, Boolean forceInfinityV, Boolean& hasDesiredSizeUChanged)
   at System.Windows.Controls.Grid.MeasureOverride(Size constraint)
   at System.Windows.FrameworkElement.MeasureCore(Size availableSize)
   at System.Windows.UIElement.Measure(Size availableSize)
   at System.Windows.Controls.Grid.MeasureCell(Int32 cell, Boolean forceInfinityV)
   at System.Windows.Controls.Grid.MeasureCellsGroup(Int32 cellsHead, Size referenceSize, Boolean ignoreDesiredSizeU, Boolean forceInfinityV, Boolean& hasDesiredSizeUChanged)
   at System.Windows.Controls.Grid.MeasureOverride(Size constraint)
   at System.Windows.FrameworkElement.MeasureCore(Size availableSize)
   at System.Windows.UIElement.Measure(Size availableSize)
   at MS.Internal.Helper.MeasureElementWithSingleChild(UIElement element, Size constraint)
   at System.Windows.FrameworkElement.MeasureCore(Size availableSize)
   at System.Windows.UIElement.Measure(Size availableSize)
   at System.Windows.Controls.Decorator.MeasureOverride(Size constraint)
   at System.Windows.Documents.AdornerDecorator.MeasureOverride(Size constraint)
   at System.Windows.FrameworkElement.MeasureCore(Size availableSize)
   at System.Windows.UIElement.Measure(Size availableSize)
   at System.Windows.Controls.Border.MeasureOverride(Size constraint)
   at System.Windows.FrameworkElement.MeasureCore(Size availableSize)
   at System.Windows.UIElement.Measure(Size availableSize)
   at System.Windows.Window.MeasureOverrideHelper(Size constraint)
   at System.Windows.Window.MeasureOverride(Size availableSize)
   at System.Windows.FrameworkElement.MeasureCore(Size availableSize)
   at System.Windows.UIElement.Measure(Size availableSize)
   at System.Windows.ContextLayoutManager.UpdateLayout()
   at System.Windows.ContextLayoutManager.UpdateLayoutCallback(Object arg)
   at System.Windows.Media.MediaContext.FireInvokeOnRenderCallbacks()
   at System.Windows.Media.MediaContext.RenderMessageHandlerCore(Object resizedCompositionTarget)
   at System.Windows.Media.MediaContext.RenderMessageHandler(Object resizedCompositionTarget)
   at System.Windows.Threading.ExceptionWrapper.InternalRealCall(Delegate callback, Object args, Int32 numArgs)
   at System.Windows.Threading.ExceptionWrapper.TryCatchWhen(Object source, Delegate callback, Object args, Int32 numArgs, Delegate catchHandler)
2026-02-04 13:31:37.834 - Dispatcher Exception: A 'Binding' cannot be set on the 'Value' property of type 'DataTrigger'. A 'Binding' can only be set on a DependencyProperty of a DependencyObject.
   at System.Windows.Markup.XamlReader.RewrapException(Exception e, IXamlLineInfo lineInfo, Uri baseUri)
   at System.Windows.Markup.XamlReader.RewrapException(Exception e, Uri baseUri)
   at System.Windows.FrameworkTemplate.LoadTemplateXaml(XamlReader templateReader, XamlObjectWriter currentWriter)
   at System.Windows.FrameworkTemplate.LoadOptimizedTemplateContent(DependencyObject container, IComponentConnector componentConnector, IStyleConnector styleConnector, List`1 affectedChildren, UncommonField`1 templatedNonFeChildrenField)
   at System.Windows.FrameworkTemplate.LoadContent(DependencyObject container, List`1 affectedChildren)
   at System.Windows.StyleHelper.ApplyTemplateContent(UncommonField`1 dataField, DependencyObject container, FrameworkElementFactory templateRoot, Int32 lastChildIndex, HybridDictionary childIndexFromChildID, FrameworkTemplate frameworkTemplate)
   at System.Windows.FrameworkTemplate.ApplyTemplateContent(UncommonField`1 templateDataField, FrameworkElement container)
   at System.Windows.FrameworkElement.ApplyTemplate()
   at System.Windows.FrameworkElement.MeasureCore(Size availableSize)
   at System.Windows.UIElement.Measure(Size availableSize)
   at System.Windows.Controls.Control.MeasureOverride(Size constraint)
   at System.Windows.FrameworkElement.MeasureCore(Size availableSize)
   at System.Windows.UIElement.Measure(Size availableSize)
   at System.Windows.Controls.Grid.MeasureCell(Int32 cell, Boolean forceInfinityV)
   at System.Windows.Controls.Grid.MeasureCellsGroup(Int32 cellsHead, Size referenceSize, Boolean ignoreDesiredSizeU, Boolean forceInfinityV, Boolean& hasDesiredSizeUChanged)
   at System.Windows.Controls.Grid.MeasureOverride(Size constraint)
   at System.Windows.FrameworkElement.MeasureCore(Size availableSize)
   at System.Windows.UIElement.Measure(Size availableSize)
   at System.Windows.Controls.Grid.MeasureCell(Int32 cell, Boolean forceInfinityV)
   at System.Windows.Controls.Grid.MeasureCellsGroup(Int32 cellsHead, Size referenceSize, Boolean ignoreDesiredSizeU, Boolean forceInfinityV, Boolean& hasDesiredSizeUChanged)
   at System.Windows.Controls.Grid.MeasureOverride(Size constraint)
   at System.Windows.FrameworkElement.MeasureCore(Size availableSize)
   at System.Windows.UIElement.Measure(Size availableSize)
   at MS.Internal.Helper.MeasureElementWithSingleChild(UIElement element, Size constraint)
   at System.Windows.FrameworkElement.MeasureCore(Size availableSize)
   at System.Windows.UIElement.Measure(Size availableSize)
   at System.Windows.Controls.Decorator.MeasureOverride(Size constraint)
   at System.Windows.Documents.AdornerDecorator.MeasureOverride(Size constraint)
   at System.Windows.FrameworkElement.MeasureCore(Size availableSize)
   at System.Windows.UIElement.Measure(Size availableSize)
   at System.Windows.Controls.Border.MeasureOverride(Size constraint)
   at System.Windows.FrameworkElement.MeasureCore(Size availableSize)
   at System.Windows.UIElement.Measure(Size availableSize)
   at System.Windows.Window.MeasureOverrideHelper(Size constraint)
   at System.Windows.Window.MeasureOverride(Size availableSize)
   at System.Windows.FrameworkElement.MeasureCore(Size availableSize)
   at System.Windows.UIElement.Measure(Size availableSize)
   at System.Windows.ContextLayoutManager.UpdateLayout()
   at System.Windows.ContextLayoutManager.UpdateLayoutCallback(Object arg)
   at System.Windows.Media.MediaContext.FireInvokeOnRenderCallbacks()
   at System.Windows.Media.MediaContext.RenderMessageHandlerCore(Object resizedCompositionTarget)
   at System.Windows.Media.MediaContext.RenderMessageHandler(Object resizedCompositionTarget)
   at System.Windows.Threading.ExceptionWrapper.InternalRealCall(Delegate callback, Object args, Int32 numArgs)
   at System.Windows.Threading.ExceptionWrapper.TryCatchWhen(Object source, Delegate callback, Object args, Int32 numArgs, Delegate catchHandler)
2026-02-04 13:31:37.864 - Dispatcher Exception: A 'Binding' cannot be set on the 'Value' property of type 'DataTrigger'. A 'Binding' can only be set on a DependencyProperty of a DependencyObject.
   at System.Windows.Markup.XamlReader.RewrapException(Exception e, IXamlLineInfo lineInfo, Uri baseUri)
   at System.Windows.Markup.XamlReader.RewrapException(Exception e, Uri baseUri)
   at System.Windows.FrameworkTemplate.LoadTemplateXaml(XamlReader templateReader, XamlObjectWriter currentWriter)
   at System.Windows.FrameworkTemplate.LoadOptimizedTemplateContent(DependencyObject container, IComponentConnector componentConnector, IStyleConnector styleConnector, List`1 affectedChildren, UncommonField`1 templatedNonFeChildrenField)
   at System.Windows.FrameworkTemplate.LoadContent(DependencyObject container, List`1 affectedChildren)
   at System.Windows.StyleHelper.ApplyTemplateContent(UncommonField`1 dataField, DependencyObject container, FrameworkElementFactory templateRoot, Int32 lastChildIndex, HybridDictionary childIndexFromChildID, FrameworkTemplate frameworkTemplate)
   at System.Windows.FrameworkTemplate.ApplyTemplateContent(UncommonField`1 templateDataField, FrameworkElement container)
   at System.Windows.FrameworkElement.ApplyTemplate()
   at System.Windows.FrameworkElement.MeasureCore(Size availableSize)
   at System.Windows.UIElement.Measure(Size availableSize)
   at System.Windows.Controls.Control.MeasureOverride(Size constraint)
   at System.Windows.FrameworkElement.MeasureCore(Size availableSize)
   at System.Windows.UIElement.Measure(Size availableSize)
   at System.Windows.Controls.Grid.MeasureCell(Int32 cell, Boolean forceInfinityV)
   at System.Windows.Controls.Grid.MeasureCellsGroup(Int32 cellsHead, Size referenceSize, Boolean ignoreDesiredSizeU, Boolean forceInfinityV, Boolean& hasDesiredSizeUChanged)
   at System.Windows.Controls.Grid.MeasureOverride(Size constraint)
   at System.Windows.FrameworkElement.MeasureCore(Size availableSize)
   at System.Windows.UIElement.Measure(Size availableSize)
   at System.Windows.Controls.Grid.MeasureCell(Int32 cell, Boolean forceInfinityV)
   at System.Windows.Controls.Grid.MeasureCellsGroup(Int32 cellsHead, Size referenceSize, Boolean ignoreDesiredSizeU, Boolean forceInfinityV, Boolean& hasDesiredSizeUChanged)
   at System.Windows.Controls.Grid.MeasureOverride(Size constraint)
   at System.Windows.FrameworkElement.MeasureCore(Size availableSize)
   at System.Windows.UIElement.Measure(Size availableSize)
   at MS.Internal.Helper.MeasureElementWithSingleChild(UIElement element, Size constraint)
   at System.Windows.FrameworkElement.MeasureCore(Size availableSize)
   at System.Windows.UIElement.Measure(Size availableSize)
   at System.Windows.Controls.Decorator.MeasureOverride(Size constraint)
   at System.Windows.Documents.AdornerDecorator.MeasureOverride(Size constraint)
   at System.Windows.FrameworkElement.MeasureCore(Size availableSize)
   at System.Windows.UIElement.Measure(Size availableSize)
   at System.Windows.Controls.Border.MeasureOverride(Size constraint)
   at System.Windows.FrameworkElement.MeasureCore(Size availableSize)
   at System.Windows.UIElement.Measure(Size availableSize)
   at System.Windows.Window.MeasureOverrideHelper(Size constraint)
   at System.Windows.Window.MeasureOverride(Size availableSize)
   at System.Windows.FrameworkElement.MeasureCore(Size availableSize)
   at System.Windows.UIElement.Measure(Size availableSize)
   at System.Windows.ContextLayoutManager.UpdateLayout()
   at System.Windows.ContextLayoutManager.UpdateLayoutCallback(Object arg)
   at System.Windows.Media.MediaContext.FireInvokeOnRenderCallbacks()
   at System.Windows.Media.MediaContext.RenderMessageHandlerCore(Object resizedCompositionTarget)
   at System.Windows.Media.MediaContext.RenderMessageHandler(Object resizedCompositionTarget)
   at System.Windows.Threading.ExceptionWrapper.InternalRealCall(Delegate callback, Object args, Int32 numArgs)
   at System.Windows.Threading.ExceptionWrapper.TryCatchWhen(Object source, Delegate callback, Object args, Int32 numArgs, Delegate catchHandler)
2026-02-04 13:31:37.899 - Dispatcher Exception: A 'Binding' cannot be set on the 'Value' property of type 'DataTrigger'. A 'Binding' can only be set on a DependencyProperty of a DependencyObject.
   at System.Windows.Markup.XamlReader.RewrapException(Exception e, IXamlLineInfo lineInfo, Uri baseUri)
   at System.Windows.Markup.XamlReader.RewrapException(Exception e, Uri baseUri)
   at System.Windows.FrameworkTemplate.LoadTemplateXaml(XamlReader templateReader, XamlObjectWriter currentWriter)
   at System.Windows.FrameworkTemplate.LoadOptimizedTemplateContent(DependencyObject container, IComponentConnector componentConnector, IStyleConnector styleConnector, List`1 affectedChildren, UncommonField`1 templatedNonFeChildrenField)
   at System.Windows.FrameworkTemplate.LoadContent(DependencyObject container, List`1 affectedChildren)
   at System.Windows.StyleHelper.ApplyTemplateContent(UncommonField`1 dataField, DependencyObject container, FrameworkElementFactory templateRoot, Int32 lastChildIndex, HybridDictionary childIndexFromChildID, FrameworkTemplate frameworkTemplate)
   at System.Windows.FrameworkTemplate.ApplyTemplateContent(UncommonField`1 templateDataField, FrameworkElement container)
   at System.Windows.FrameworkElement.ApplyTemplate()
   at System.Windows.FrameworkElement.MeasureCore(Size availableSize)
   at System.Windows.UIElement.Measure(Size availableSize)
   at System.Windows.Controls.Control.MeasureOverride(Size constraint)
   at System.Windows.FrameworkElement.MeasureCore(Size availableSize)
   at System.Windows.UIElement.Measure(Size availableSize)
   at System.Windows.Controls.Grid.MeasureCell(Int32 cell, Boolean forceInfinityV)
   at System.Windows.Controls.Grid.MeasureCellsGroup(Int32 cellsHead, Size referenceSize, Boolean ignoreDesiredSizeU, Boolean forceInfinityV, Boolean& hasDesiredSizeUChanged)
   at System.Windows.Controls.Grid.MeasureOverride(Size constraint)
   at System.Windows.FrameworkElement.MeasureCore(Size availableSize)
   at System.Windows.UIElement.Measure(Size availableSize)
   at System.Windows.Controls.Grid.MeasureCell(Int32 cell, Boolean forceInfinityV)
   at System.Windows.Controls.Grid.MeasureCellsGroup(Int32 cellsHead, Size referenceSize, Boolean ignoreDesiredSizeU, Boolean forceInfinityV, Boolean& hasDesiredSizeUChanged)
   at System.Windows.Controls.Grid.MeasureOverride(Size constraint)
   at System.Windows.FrameworkElement.MeasureCore(Size availableSize)
   at System.Windows.UIElement.Measure(Size availableSize)
   at MS.Internal.Helper.MeasureElementWithSingleChild(UIElement element, Size constraint)
   at System.Windows.FrameworkElement.MeasureCore(Size availableSize)
   at System.Windows.UIElement.Measure(Size availableSize)
   at System.Windows.Controls.Decorator.MeasureOverride(Size constraint)
   at System.Windows.Documents.AdornerDecorator.MeasureOverride(Size constraint)
   at System.Windows.FrameworkElement.MeasureCore(Size availableSize)
   at System.Windows.UIElement.Measure(Size availableSize)
   at System.Windows.Controls.Border.MeasureOverride(Size constraint)
   at System.Windows.FrameworkElement.MeasureCore(Size availableSize)
   at System.Windows.UIElement.Measure(Size availableSize)
   at System.Windows.Window.MeasureOverrideHelper(Size constraint)
   at System.Windows.Window.MeasureOverride(Size availableSize)
   at System.Windows.FrameworkElement.MeasureCore(Size availableSize)
   at System.Windows.UIElement.Measure(Size availableSize)
   at System.Windows.ContextLayoutManager.UpdateLayout()
   at System.Windows.ContextLayoutManager.UpdateLayoutCallback(Object arg)
   at System.Windows.Media.MediaContext.FireInvokeOnRenderCallbacks()
   at System.Windows.Media.MediaContext.RenderMessageHandlerCore(Object resizedCompositionTarget)
   at System.Windows.Media.MediaContext.RenderMessageHandler(Object resizedCompositionTarget)
   at System.Windows.Threading.ExceptionWrapper.InternalRealCall(Delegate callback, Object args, Int32 numArgs)
   at System.Windows.Threading.ExceptionWrapper.TryCatchWhen(Object source, Delegate callback, Object args, Int32 numArgs, Delegate catchHandler)
2026-02-04 13:31:37.929 - Dispatcher Exception: A 'Binding' cannot be set on the 'Value' property of type 'DataTrigger'. A 'Binding' can only be set on a DependencyProperty of a DependencyObject.
   at System.Windows.Markup.XamlReader.RewrapException(Exception e, IXamlLineInfo lineInfo, Uri baseUri)
   at System.Windows.Markup.XamlReader.RewrapException(Exception e, Uri baseUri)
   at System.Windows.FrameworkTemplate.LoadTemplateXaml(XamlReader templateReader, XamlObjectWriter currentWriter)
   at System.Windows.FrameworkTemplate.LoadOptimizedTemplateContent(DependencyObject container, IComponentConnector componentConnector, IStyleConnector styleConnector, List`1 affectedChildren, UncommonField`1 templatedNonFeChildrenField)
   at System.Windows.FrameworkTemplate.LoadContent(DependencyObject container, List`1 affectedChildren)
   at System.Windows.StyleHelper.ApplyTemplateContent(UncommonField`1 dataField, DependencyObject container, FrameworkElementFactory templateRoot, Int32 lastChildIndex, HybridDictionary childIndexFromChildID, FrameworkTemplate frameworkTemplate)
   at System.Windows.FrameworkTemplate.ApplyTemplateContent(UncommonField`1 templateDataField, FrameworkElement container)
   at System.Windows.FrameworkElement.ApplyTemplate()
   at System.Windows.FrameworkElement.MeasureCore(Size availableSize)
   at System.Windows.UIElement.Measure(Size availableSize)
   at System.Windows.Controls.Control.MeasureOverride(Size constraint)
   at System.Windows.FrameworkElement.MeasureCore(Size availableSize)
   at System.Windows.UIElement.Measure(Size availableSize)
   at System.Windows.Controls.Grid.MeasureCell(Int32 cell, Boolean forceInfinityV)
   at System.Windows.Controls.Grid.MeasureCellsGroup(Int32 cellsHead, Size referenceSize, Boolean ignoreDesiredSizeU, Boolean forceInfinityV, Boolean& hasDesiredSizeUChanged)
   at System.Windows.Controls.Grid.MeasureOverride(Size constraint)
   at System.Windows.FrameworkElement.MeasureCore(Size availableSize)
   at System.Windows.UIElement.Measure(Size availableSize)
   at System.Windows.Controls.Grid.MeasureCell(Int32 cell, Boolean forceInfinityV)
   at System.Windows.Controls.Grid.MeasureCellsGroup(Int32 cellsHead, Size referenceSize, Boolean ignoreDesiredSizeU, Boolean forceInfinityV, Boolean& hasDesiredSizeUChanged)
   at System.Windows.Controls.Grid.MeasureOverride(Size constraint)
   at System.Windows.FrameworkElement.MeasureCore(Size availableSize)
   at System.Windows.UIElement.Measure(Size availableSize)
   at MS.Internal.Helper.MeasureElementWithSingleChild(UIElement element, Size constraint)
   at System.Windows.FrameworkElement.MeasureCore(Size availableSize)
   at System.Windows.UIElement.Measure(Size availableSize)
   at System.Windows.Controls.Decorator.MeasureOverride(Size constraint)
   at System.Windows.Documents.AdornerDecorator.MeasureOverride(Size constraint)
   at System.Windows.FrameworkElement.MeasureCore(Size availableSize)
   at System.Windows.UIElement.Measure(Size availableSize)
   at System.Windows.Controls.Border.MeasureOverride(Size constraint)
   at System.Windows.FrameworkElement.MeasureCore(Size availableSize)
   at System.Windows.UIElement.Measure(Size availableSize)
   at System.Windows.Window.MeasureOverrideHelper(Size constraint)
   at System.Windows.Window.MeasureOverride(Size availableSize)
   at System.Windows.FrameworkElement.MeasureCore(Size availableSize)
   at System.Windows.UIElement.Measure(Size availableSize)
   at System.Windows.ContextLayoutManager.UpdateLayout()
   at System.Windows.ContextLayoutManager.UpdateLayoutCallback(Object arg)
   at System.Windows.Media.MediaContext.FireInvokeOnRenderCallbacks()
   at System.Windows.Media.MediaContext.RenderMessageHandlerCore(Object resizedCompositionTarget)
   at System.Windows.Media.MediaContext.RenderMessageHandler(Object resizedCompositionTarget)
   at System.Windows.Threading.ExceptionWrapper.InternalRealCall(Delegate callback, Object args, Int32 numArgs)
   at System.Windows.Threading.ExceptionWrapper.TryCatchWhen(Object source, Delegate callback, Object args, Int32 numArgs, Delegate catchHandler)
2026-02-04 13:31:37.956 - Dispatcher Exception: A 'Binding' cannot be set on the 'Value' property of type 'DataTrigger'. A 'Binding' can only be set on a DependencyProperty of a DependencyObject.
   at System.Windows.Markup.XamlReader.RewrapException(Exception e, IXamlLineInfo lineInfo, Uri baseUri)
   at System.Windows.Markup.XamlReader.RewrapException(Exception e, Uri baseUri)
   at System.Windows.FrameworkTemplate.LoadTemplateXaml(XamlReader templateReader, XamlObjectWriter currentWriter)
   at System.Windows.FrameworkTemplate.LoadOptimizedTemplateContent(DependencyObject container, IComponentConnector componentConnector, IStyleConnector styleConnector, List`1 affectedChildren, UncommonField`1 templatedNonFeChildrenField)
   at System.Windows.FrameworkTemplate.LoadContent(DependencyObject container, List`1 affectedChildren)
   at System.Windows.StyleHelper.ApplyTemplateContent(UncommonField`1 dataField, DependencyObject container, FrameworkElementFactory templateRoot, Int32 lastChildIndex, HybridDictionary childIndexFromChildID, FrameworkTemplate frameworkTemplate)
   at System.Windows.FrameworkTemplate.ApplyTemplateContent(UncommonField`1 templateDataField, FrameworkElement container)
   at System.Windows.FrameworkElement.ApplyTemplate()
   at System.Windows.FrameworkElement.MeasureCore(Size availableSize)
   at System.Windows.UIElement.Measure(Size availableSize)
   at System.Windows.Controls.Control.MeasureOverride(Size constraint)
   at System.Windows.FrameworkElement.MeasureCore(Size availableSize)
   at System.Windows.UIElement.Measure(Size availableSize)
   at System.Windows.Controls.Grid.MeasureCell(Int32 cell, Boolean forceInfinityV)
   at System.Windows.Controls.Grid.MeasureCellsGroup(Int32 cellsHead, Size referenceSize, Boolean ignoreDesiredSizeU, Boolean forceInfinityV, Boolean& hasDesiredSizeUChanged)
   at System.Windows.Controls.Grid.MeasureOverride(Size constraint)
   at System.Windows.FrameworkElement.MeasureCore(Size availableSize)
   at System.Windows.UIElement.Measure(Size availableSize)
   at System.Windows.Controls.Grid.MeasureCell(Int32 cell, Boolean forceInfinityV)
   at System.Windows.Controls.Grid.MeasureCellsGroup(Int32 cellsHead, Size referenceSize, Boolean ignoreDesiredSizeU, Boolean forceInfinityV, Boolean& hasDesiredSizeUChanged)
   at System.Windows.Controls.Grid.MeasureOverride(Size constraint)
   at System.Windows.FrameworkElement.MeasureCore(Size availableSize)
   at System.Windows.UIElement.Measure(Size availableSize)
   at MS.Internal.Helper.MeasureElementWithSingleChild(UIElement element, Size constraint)
   at System.Windows.FrameworkElement.MeasureCore(Size availableSize)
   at System.Windows.UIElement.Measure(Size availableSize)
   at System.Windows.Controls.Decorator.MeasureOverride(Size constraint)
   at System.Windows.Documents.AdornerDecorator.MeasureOverride(Size constraint)
   at System.Windows.FrameworkElement.MeasureCore(Size availableSize)
   at System.Windows.UIElement.Measure(Size availableSize)
   at System.Windows.Controls.Border.MeasureOverride(Size constraint)
   at System.Windows.FrameworkElement.MeasureCore(Size availableSize)
   at System.Windows.UIElement.Measure(Size availableSize)
   at System.Windows.Window.MeasureOverrideHelper(Size constraint)
   at System.Windows.Window.MeasureOverride(Size availableSize)
   at System.Windows.FrameworkElement.MeasureCore(Size availableSize)
   at System.Windows.UIElement.Measure(Size availableSize)
   at System.Windows.ContextLayoutManager.UpdateLayout()
   at System.Windows.ContextLayoutManager.UpdateLayoutCallback(Object arg)
   at System.Windows.Media.MediaContext.FireInvokeOnRenderCallbacks()
   at System.Windows.Media.MediaContext.RenderMessageHandlerCore(Object resizedCompositionTarget)
   at System.Windows.Media.MediaContext.RenderMessageHandler(Object resizedCompositionTarget)
   at System.Windows.Threading.ExceptionWrapper.InternalRealCall(Delegate callback, Object args, Int32 numArgs)
   at System.Windows.Threading.ExceptionWrapper.TryCatchWhen(Object source, Delegate callback, Object args, Int32 numArgs, Delegate catchHandler)
2026-02-04 13:31:37.984 - Dispatcher Exception: A 'Binding' cannot be set on the 'Value' property of type 'DataTrigger'. A 'Binding' can only be set on a DependencyProperty of a DependencyObject.
   at System.Windows.Markup.XamlReader.RewrapException(Exception e, IXamlLineInfo lineInfo, Uri baseUri)
   at System.Windows.Markup.XamlReader.RewrapException(Exception e, Uri baseUri)
   at System.Windows.FrameworkTemplate.LoadTemplateXaml(XamlReader templateReader, XamlObjectWriter currentWriter)
   at System.Windows.FrameworkTemplate.LoadOptimizedTemplateContent(DependencyObject container, IComponentConnector componentConnector, IStyleConnector styleConnector, List`1 affectedChildren, UncommonField`1 templatedNonFeChildrenField)
   at System.Windows.FrameworkTemplate.LoadContent(DependencyObject container, List`1 affectedChildren)
   at System.Windows.StyleHelper.ApplyTemplateContent(UncommonField`1 dataField, DependencyObject container, FrameworkElementFactory templateRoot, Int32 lastChildIndex, HybridDictionary childIndexFromChildID, FrameworkTemplate frameworkTemplate)
   at System.Windows.FrameworkTemplate.ApplyTemplateContent(UncommonField`1 templateDataField, FrameworkElement container)
   at System.Windows.FrameworkElement.ApplyTemplate()
   at System.Windows.FrameworkElement.MeasureCore(Size availableSize)
   at System.Windows.UIElement.Measure(Size availableSize)
   at System.Windows.Controls.Control.MeasureOverride(Size constraint)
   at System.Windows.FrameworkElement.MeasureCore(Size availableSize)
   at System.Windows.UIElement.Measure(Size availableSize)
   at System.Windows.Controls.Grid.MeasureCell(Int32 cell, Boolean forceInfinityV)
   at System.Windows.Controls.Grid.MeasureCellsGroup(Int32 cellsHead, Size referenceSize, Boolean ignoreDesiredSizeU, Boolean forceInfinityV, Boolean& hasDesiredSizeUChanged)
   at System.Windows.Controls.Grid.MeasureOverride(Size constraint)
   at System.Windows.FrameworkElement.MeasureCore(Size availableSize)
   at System.Windows.UIElement.Measure(Size availableSize)
   at System.Windows.Controls.Grid.MeasureCell(Int32 cell, Boolean forceInfinityV)
   at System.Windows.Controls.Grid.MeasureCellsGroup(Int32 cellsHead, Size referenceSize, Boolean ignoreDesiredSizeU, Boolean forceInfinityV, Boolean& hasDesiredSizeUChanged)
   at System.Windows.Controls.Grid.MeasureOverride(Size constraint)
   at System.Windows.FrameworkElement.MeasureCore(Size availableSize)
   at System.Windows.UIElement.Measure(Size availableSize)
   at MS.Internal.Helper.MeasureElementWithSingleChild(UIElement element, Size constraint)
   at System.Windows.FrameworkElement.MeasureCore(Size availableSize)
   at System.Windows.UIElement.Measure(Size availableSize)
   at System.Windows.Controls.Decorator.MeasureOverride(Size constraint)
   at System.Windows.Documents.AdornerDecorator.MeasureOverride(Size constraint)
   at System.Windows.FrameworkElement.MeasureCore(Size availableSize)
   at System.Windows.UIElement.Measure(Size availableSize)
   at System.Windows.Controls.Border.MeasureOverride(Size constraint)
   at System.Windows.FrameworkElement.MeasureCore(Size availableSize)
   at System.Windows.UIElement.Measure(Size availableSize)
   at System.Windows.Window.MeasureOverrideHelper(Size constraint)
   at System.Windows.Window.MeasureOverride(Size availableSize)
   at System.Windows.FrameworkElement.MeasureCore(Size availableSize)
   at System.Windows.UIElement.Measure(Size availableSize)
   at System.Windows.ContextLayoutManager.UpdateLayout()
   at System.Windows.ContextLayoutManager.UpdateLayoutCallback(Object arg)
   at System.Windows.Media.MediaContext.FireInvokeOnRenderCallbacks()
   at System.Windows.Media.MediaContext.RenderMessageHandlerCore(Object resizedCompositionTarget)
   at System.Windows.Media.MediaContext.RenderMessageHandler(Object resizedCompositionTarget)
   at System.Windows.Threading.ExceptionWrapper.InternalRealCall(Delegate callback, Object args, Int32 numArgs)
   at System.Windows.Threading.ExceptionWrapper.TryCatchWhen(Object source, Delegate callback, Object args, Int32 numArgs, Delegate catchHandler)
2026-02-04 13:31:38.011 - Dispatcher Exception: A 'Binding' cannot be set on the 'Value' property of type 'DataTrigger'. A 'Binding' can only be set on a DependencyProperty of a DependencyObject.
   at System.Windows.Markup.XamlReader.RewrapException(Exception e, IXamlLineInfo lineInfo, Uri baseUri)
   at System.Windows.Markup.XamlReader.RewrapException(Exception e, Uri baseUri)
   at System.Windows.FrameworkTemplate.LoadTemplateXaml(XamlReader templateReader, XamlObjectWriter currentWriter)
   at System.Windows.FrameworkTemplate.LoadOptimizedTemplateContent(DependencyObject container, IComponentConnector componentConnector, IStyleConnector styleConnector, List`1 affectedChildren, UncommonField`1 templatedNonFeChildrenField)
   at System.Windows.FrameworkTemplate.LoadContent(DependencyObject container, List`1 affectedChildren)
   at System.Windows.StyleHelper.ApplyTemplateContent(UncommonField`1 dataField, DependencyObject container, FrameworkElementFactory templateRoot, Int32 lastChildIndex, HybridDictionary childIndexFromChildID, FrameworkTemplate frameworkTemplate)
   at System.Windows.FrameworkTemplate.ApplyTemplateContent(UncommonField`1 templateDataField, FrameworkElement container)
   at System.Windows.FrameworkElement.ApplyTemplate()
   at System.Windows.FrameworkElement.MeasureCore(Size availableSize)
   at System.Windows.UIElement.Measure(Size availableSize)
   at System.Windows.Controls.Control.MeasureOverride(Size constraint)
   at System.Windows.FrameworkElement.MeasureCore(Size availableSize)
   at System.Windows.UIElement.Measure(Size availableSize)
   at System.Windows.Controls.Grid.MeasureCell(Int32 cell, Boolean forceInfinityV)
   at System.Windows.Controls.Grid.MeasureCellsGroup(Int32 cellsHead, Size referenceSize, Boolean ignoreDesiredSizeU, Boolean forceInfinityV, Boolean& hasDesiredSizeUChanged)
   at System.Windows.Controls.Grid.MeasureOverride(Size constraint)
   at System.Windows.FrameworkElement.MeasureCore(Size availableSize)
   at System.Windows.UIElement.Measure(Size availableSize)
   at System.Windows.Controls.Grid.MeasureCell(Int32 cell, Boolean forceInfinityV)
   at System.Windows.Controls.Grid.MeasureCellsGroup(Int32 cellsHead, Size referenceSize, Boolean ignoreDesiredSizeU, Boolean forceInfinityV, Boolean& hasDesiredSizeUChanged)
   at System.Windows.Controls.Grid.MeasureOverride(Size constraint)
   at System.Windows.FrameworkElement.MeasureCore(Size availableSize)
   at System.Windows.UIElement.Measure(Size availableSize)
   at MS.Internal.Helper.MeasureElementWithSingleChild(UIElement element, Size constraint)
   at System.Windows.FrameworkElement.MeasureCore(Size availableSize)
   at System.Windows.UIElement.Measure(Size availableSize)
   at System.Windows.Controls.Decorator.MeasureOverride(Size constraint)
   at System.Windows.Documents.AdornerDecorator.MeasureOverride(Size constraint)
   at System.Windows.FrameworkElement.MeasureCore(Size availableSize)
   at System.Windows.UIElement.Measure(Size availableSize)
   at System.Windows.Controls.Border.MeasureOverride(Size constraint)
   at System.Windows.FrameworkElement.MeasureCore(Size availableSize)
   at System.Windows.UIElement.Measure(Size availableSize)
   at System.Windows.Window.MeasureOverrideHelper(Size constraint)
   at System.Windows.Window.MeasureOverride(Size availableSize)
   at System.Windows.FrameworkElement.MeasureCore(Size availableSize)
   at System.Windows.UIElement.Measure(Size availableSize)
   at System.Windows.ContextLayoutManager.UpdateLayout()
   at System.Windows.ContextLayoutManager.UpdateLayoutCallback(Object arg)
   at System.Windows.Media.MediaContext.FireInvokeOnRenderCallbacks()
   at System.Windows.Media.MediaContext.RenderMessageHandlerCore(Object resizedCompositionTarget)
   at System.Windows.Media.MediaContext.RenderMessageHandler(Object resizedCompositionTarget)
   at System.Windows.Threading.ExceptionWrapper.InternalRealCall(Delegate callback, Object args, Int32 numArgs)
   at System.Windows.Threading.ExceptionWrapper.TryCatchWhen(Object source, Delegate callback, Object args, Int32 numArgs, Delegate catchHandler)
2026-02-04 13:33:49.971 - Login result: True
2026-02-04 13:37:07.024 - Login result: True
2026-02-04 13:40:09.748 - Login result: True
2026-02-04 13:45:01.196 - Login result: True
2026-02-04 13:53:20.795 - Login result: True
2026-02-04 14:00:06.861 - Login result: False
2026-02-04 14:21:53.491 - Login result: True
2026-02-04 15:35:17.341 - Login result: True
2026-02-04 15:59:10.683 - Login result: True
2026-02-04 15:59:46.133 - Login result: True
2026-02-04 16:00:39.957 - Login result: True
2026-02-04 16:04:15.348 - Login result: False
2026-02-04 16:07:53.503 - Login result: True
2026-02-04 16:11:51.652 - Login result: True
2026-02-04 16:17:35.315 - Login result: True
2026-02-04 16:23:48.254 - Login result: True
2026-02-04 16:29:26.599 - Login result: True
2026-02-04 16:44:32.323 - Login result: True
2026-02-04 16:49:07.310 - Login result: True
2026-02-04 16:53:49.579 - Login result: True
2026-02-04 17:00:10.687 - Login result: True
2026-02-04 17:06:07.033 - Login result: True
2026-02-04 17:12:14.334 - Login result: True
2026-02-04 17:15:20.999 - Login result: True
2026-02-04 17:16:31.270 - Login result: True
2026-02-04 17:19:13.809 - Login result: True
